Partida,Simulacao,Set,Game,Vencedor,Pontos
1,1,1,1,A,0-0 15-Love 30-Love 30-15 Deuce Adv. A Deuce Adv. A A Wins
1,1,1,2,A,0-0 15-Love 30-Love 40-Love A Wins
1,1,1,3,B,0-0 Love-15 15-15 15-30 Deuce Adv. B B Wins
1,1,1,4,A,0-0 15-Love 30-Love 40-Love A Wins
1,1,1,5,A,0-0 15-Love 15-15 30-15 40-15 A Wins
1,1,1,6,A,0-0 Love-15 15-15 30-15 Deuce Adv. B Deuce Adv. A A Wins
1,1,1,7,A,0-0 Love-15 15-15 30-15 40-15 A Wins
1,1,2,1,A,0-0 15-Love 15-15 30-15 40-15 Adv. A A Wins
1,1,2,2,A,0-0 Love-15 15-15 15-30 Deuce Adv. A A Wins
1,1,2,3,A,0-0 15-Love 30-Love 30-15 Deuce Adv. A A Wins
1,1,2,4,A,0-0 15-Love 15-15 30-15 Deuce Adv. A A Wins
1,1,2,5,A,0-0 15-Love 15-15 30-15 Deuce Adv. A A Wins
1,1,2,6,A,0-0 15-Love 30-Love 40-Love A Wins
1,2,1,1,A,0-0 15-Love 30-Love 30-15 Deuce Adv. B Deuce Adv. A Deuce Adv. B Deuce Adv. A A Wins
1,2,1,2,A,0-0 15-Love 15-15 30-15 40-15 A Wins
1,2,1,3,A,0-0 15-Love 30-Love 40-Love A Wins
1,2,1,4,A,0-0 15-Love 15-15 30-15 Deuce Adv. B Deuce Adv. A A Wins
1,2,1,5,A,0-0 15-Love 30-Love 40-Love 40-15 A Wins
1,2,1,6,B,0-0 Love-15 Love-30 Love-40 B Wins
1,2,1,7,A,0-0 15-Love 15-15 15-30 Deuce Adv. B Deuce Adv. A A Wins
1,2,2,1,A,0-0 Love-15 15-15 30-15 40-15 A Wins
1,2,2,2,A,0-0 15-Love 30-Love 40-Love A Wins
1,2,2,3,A,0-0 15-Love 30-Love 30-15 40-15 A Wins
1,2,2,4,B,0-0 Love-15 15-15 15-30 15-40 B Wins
1,2,2,5,A,0-0 15-Love 15-15 15-30 15-40 Adv. B Deuce Adv. A A Wins
1,2,2,6,A,0-0 15-Love 30-Love 30-15 40-15 A Wins
1,2,2,7,A,0-0 15-Love 15-15 30-15 Deuce Adv. A A Wins
1,3,1,1,A,0-0 Love-15 Love-30 15-30 Deuce Adv. A Deuce Adv. A A Wins
1,3,1,2,A,0-0 15-Love 30-Love 40-Love 40-15 A Wins
1,3,1,3,A,0-0 Love-15 15-15 15-30 Deuce Adv. B Deuce Adv. A A Wins
1,3,1,4,A,0-0 15-Love 30-Love 40-Love 40-15 A Wins
1,3,1,5,A,0-0 15-Love 30-Love 40-Love A Wins
1,3,1,6,A,0-0 15-Love 30-Love 40-Love A Wins
1,3,2,1,A,0-0 15-Love 30-Love 40-Love 40-15 A Wins
1,3,2,2,A,0-0 Love-15 15-15 15-30 Deuce Adv. B Deuce Adv. A A Wins
1,3,2,3,A,0-0 15-Love 30-Love 40-Love 40-15 A Wins
1,3,2,4,A,0-0 Love-15 15-15 30-15 40-15 A Wins
1,3,2,5,A,0-0 Love-15 15-15 15-30 Deuce Adv. A A Wins
1,3,2,6,A,0-0 15-Love 30-Love 40-Love A Wins
1,4,1,1,A,0-0 15-Love 30-Love 40-Love A Wins
1,4,1,2,A,0-0 15-Love 30-Love 40-Love A Wins
1,4,1,3,A,0-0 15-Love 15-15 30-15 40-15 Adv. A A Wins
1,4,1,4,A,0-0 Love-15 15-15 15-30 Deuce Adv. A A Wins
1,4,1,5,B,0-0 Love-15 Love-30 15-30 Deuce Adv. B Deuce Adv. A Deuce Adv. A Deuce Adv. B B Wins
1,4,1,6,A,0-0 15-Love 30-Love 30-15 40-15 A Wins
1,4,1,7,A,0-0 15-Love 30-Love 40-Love A Wins
1,4,2,1,A,0-0 15-Love 30-Love 40-Love A Wins
1,4,2,2,A,0-0 15-Love 30-Love 40-Love A Wins
1,4,2,3,A,0-0 Love-15 15-15 15-30 Deuce Adv. B Deuce Adv. B Deuce Adv. A A Wins
1,4,2,4,A,0-0 Love-15 Love-30 15-30 Deuce Adv. B Deuce Adv. B Deuce Adv. B Deuce Adv. A Deuce Adv. A A Wins
1,4,2,5,A,0-0 15-Love 30-Love 30-15 40-15 A Wins
1,4,2,6,A,0-0 15-Love 30-Love 30-15 40-15 Adv. A A Wins
1,5,1,1,A,0-0 15-Love 30-Love 30-15 Deuce Adv. A A Wins
1,5,1,2,A,0-0 15-Love 30-Love 40-Love A Wins
1,5,1,3,A,0-0 Love-15 15-15 30-15 40-15 Adv. A Deuce Adv. A Deuce Adv. A A Wins
1,5,1,4,A,0-0 15-Love 30-Love 40-Love A Wins
1,5,1,5,A,0-0 Love-15 15-15 15-30 Deuce Adv. A A Wins
1,5,1,6,A,0-0 15-Love 15-15 30-15 Deuce Adv. A A Wins
1,5,2,1,A,0-0 Love-15 Love-30 Love-40 15-40 Adv. B Deuce Adv. A A Wins
1,5,2,2,B,0-0 Love-15 Love-30 Love-40 B Wins
1,5,2,3,A,0-0 Love-15 15-15 30-15 40-15 A Wins
1,5,2,4,A,0-0 15-Love 30-Love 40-Love A Wins
1,5,2,5,A,0-0 15-Love 30-Love 40-Love A Wins
1,5,2,6,A,0-0 15-Love 30-Love 40-Love 40-15 A Wins
1,5,2,7,A,0-0 Love-15 Love-30 15-30 Deuce Adv. A A Wins
1,6,1,1,A,0-0 Love-15 Love-30 15-30 Deuce Adv. B Deuce Adv. A A Wins
1,6,1,2,A,0-0 15-Love 15-15 15-30 15-40 Adv. B Deuce Adv. A A Wins
1,6,1,3,A,0-0 15-Love 30-Love 40-Love A Wins
1,6,1,4,A,0-0 Love-15 15-15 30-15 Deuce Adv. A A Wins
1,6,1,5,A,0-0 15-Love 30-Love 30-15 Deuce Adv. A Deuce Adv. A A Wins
1,6,1,6,A,0-0 15-Love 30-Love 30-15 Deuce Adv. A A Wins
1,6,2,1,B,0-0 Love-15 15-15 15-30 15-40 B Wins
1,6,2,2,A,0-0 15-Love 30-Love 40-Love A Wins
1,6,2,3,A,0-0 15-Love 30-Love 40-Love 40-15 A Wins
1,6,2,4,A,0-0 15-Love 30-Love 40-Love A Wins
1,6,2,5,A,0-0 15-Love 30-Love 30-15 40-15 Adv. A Deuce Adv. A A Wins
1,6,2,6,A,0-0 15-Love 30-Love 40-Love A Wins
1,6,2,7,B,0-0 Love-15 15-15 15-30 15-40 Adv. B Deuce Adv. A Deuce Adv. B B Wins
1,6,2,8,A,0-0 15-Love 30-Love 30-15 40-15 Adv. A A Wins
1,7,1,1,A,0-0 15-Love 15-15 30-15 40-15 A Wins
1,7,1,2,A,0-0 Love-15 15-15 30-15 Deuce Adv. A Deuce Adv. A Deuce Adv. A A Wins
1,7,1,3,A,0-0 15-Love 30-Love 40-Love A Wins
1,7,1,4,A,0-0 Love-15 15-15 30-15 40-15 A Wins
1,7,1,5,A,0-0 15-Love 30-Love 40-Love A Wins
1,7,1,6,A,0-0 15-Love 30-Love 40-Love A Wins
1,7,2,1,A,0-0 15-Love 15-15 15-30 15-40 Adv. B Deuce Adv. B Deuce Adv. A A Wins
1,7,2,2,A,0-0 15-Love 15-15 15-30 Deuce Adv. A A Wins
1,7,2,3,A,0-0 15-Love 30-Love 30-15 40-15 Adv. A A Wins
1,7,2,4,B,0-0 Love-15 Love-30 15-30 15-40 Adv. B B Wins
1,7,2,5,A,0-0 15-Love 15-15 15-30 15-40 Adv. B Deuce Adv. A A Wins
1,7,2,6,A,0-0 15-Love 30-Love 40-Love A Wins
1,7,2,7,A,0-0 15-Love 30-Love 30-15 40-15 A Wins
1,8,1,1,A,0-0 15-Love 30-Love 30-15 40-15 A Wins
1,8,1,2,A,0-0 Love-15 Love-30 15-30 Deuce Adv. A Deuce Adv. A A Wins
1,8,1,3,A,0-0 15-Love 30-Love 40-Love A Wins
1,8,1,4,A,0-0 15-Love 30-Love 40-Love 40-15 A Wins
1,8,1,5,A,0-0 15-Love 30-Love 30-15 Deuce Adv. A A Wins
1,8,1,6,A,0-0 15-Love 30-Love 40-Love A Wins
1,8,2,1,A,0-0 15-Love 30-Love 30-15 40-15 A Wins
1,8,2,2,A,0-0 15-Love 30-Love 30-15 40-15 A Wins
1,8,2,3,A,0-0 15-Love 30-Love 30-15 Deuce Adv. A A Wins
1,8,2,4,A,0-0 15-Love 30-Love 40-Love A Wins
1,8,2,5,A,0-0 15-Love 30-Love 30-15 40-15 A Wins
1,8,2,6,A,0-0 15-Love 30-Love 40-Love A Wins
1,9,1,1,A,0-0 Love-15 15-15 30-15 40-15 Adv. A A Wins
1,9,1,2,A,0-0 15-Love 30-Love 30-15 40-15 A Wins
1,9,1,3,A,0-0 15-Love 30-Love 40-Love 40-15 A Wins
1,9,1,4,B,0-0 Love-15 Love-30 15-30 15-40 B Wins
1,9,1,5,A,0-0 15-Love 30-Love 30-15 40-15 A Wins
1,9,1,6,B,0-0 Love-15 Love-30 Love-40 15-40 B Wins
1,9,1,7,A,0-0 15-Love 15-15 30-15 Deuce Adv. A A Wins
1,9,1,8,A,0-0 15-Love 30-Love 40-Love A Wins
1,9,2,1,A,0-0 Love-15 15-15 15-30 Deuce Adv. B Deuce Adv. A A Wins
1,9,2,2,A,0-0 15-Love 30-Love 40-Love A Wins
1,9,2,3,A,0-0 15-Love 30-Love 40-Love 40-15 A Wins
1,9,2,4,A,0-0 Love-15 15-15 30-15 40-15 A Wins
1,9,2,5,A,0-0 15-Love 30-Love 40-Love 40-15 A Wins
1,9,2,6,B,0-0 Love-15 Love-30 Love-40 15-40 B Wins
1,9,2,7,A,0-0 15-Love 30-Love 30-15 40-15 Adv. A A Wins
1,10,1,1,A,0-0 15-Love 30-Love 40-Love 40-15 A Wins
1,10,1,2,B,0-0 Love-15 Love-30 15-30 15-40 B Wins
1,10,1,3,A,0-0 Love-15 15-15 30-15 40-15 A Wins
1,10,1,4,A,0-0 15-Love 30-Love 30-15 40-15 A Wins
1,10,1,5,A,0-0 15-Love 30-Love 40-Love A Wins
1,10,1,6,A,0-0 15-Love 30-Love 40-Love A Wins
1,10,1,7,A,0-0 15-Love 30-Love 40-Love 40-15 A Wins
1,10,2,1,A,0-0 15-Love 30-Love 30-15 40-15 Adv. A A Wins
1,10,2,2,A,0-0 Love-15 15-15 30-15 40-15 Adv. A A Wins
1,10,2,3,A,0-0 Love-15 15-15 30-15 40-15 A Wins
1,10,2,4,A,0-0 15-Love 30-Love 40-Love A Wins
1,10,2,5,A,0-0 Love-15 Love-30 15-30 Deuce Adv. A Deuce Adv. A A Wins
1,10,2,6,A,0-0 15-Love 30-Love 40-Love A Wins
1,11,1,1,A,0-0 15-Love 30-Love 30-15 40-15 Adv. A A Wins
1,11,1,2,A,0-0 15-Love 15-15 30-15 Deuce Adv. A A Wins
1,11,1,3,A,0-0 15-Love 30-Love 40-Love A Wins
1,11,1,4,A,0-0 15-Love 30-Love 40-Love A Wins
1,11,1,5,A,0-0 Love-15 15-15 30-15 40-15 Adv. A Deuce Adv. A A Wins
1,11,1,6,A,0-0 15-Love 30-Love 40-Love 40-15 A Wins
1,11,2,1,B,0-0 15-Love 15-15 30-15 Deuce Adv. B B Wins
1,11,2,2,A,0-0 Love-15 Love-30 15-30 Deuce Adv. A Deuce Adv. A A Wins
1,11,2,3,A,0-0 Love-15 Love-30 15-30 Deuce Adv. A A Wins
1,11,2,4,A,0-0 15-Love 30-Love 40-Love 40-15 A Wins
1,11,2,5,A,0-0 15-Love 30-Love 40-Love A Wins
1,11,2,6,A,0-0 15-Love 30-Love 40-Love A Wins
1,11,2,7,A,0-0 Love-15 15-15 30-15 Deuce Adv. B Deuce Adv. A Deuce Adv. B Deuce Adv. B Deuce Adv. A A Wins
1,12,1,1,A,0-0 Love-15 15-15 30-15 40-15 Adv. A Deuce Adv. A A Wins
1,12,1,2,A,0-0 Love-15 Love-30 15-30 Deuce Adv. B Deuce Adv. A A Wins
1,12,1,3,A,0-0 15-Love 15-15 30-15 40-15 A Wins
1,12,1,4,B,0-0 Love-15 Love-30 15-30 15-40 Adv. B B Wins
1,12,1,5,A,0-0 Love-15 Love-30 Love-40 15-40 Adv. B Deuce Adv. B Deuce Adv. A A Wins
1,12,1,6,A,0-0 15-Love 30-Love 40-Love 40-15 Adv. A Deuce Adv. A A Wins
1,12,1,7,A,0-0 15-Love 30-Love 40-Love 40-15 Adv. A A Wins
1,12,2,1,A,0-0 Love-15 15-15 30-15 40-15 A Wins
1,12,2,2,A,0-0 15-Love 30-Love 40-Love A Wins
1,12,2,3,A,0-0 Love-15 Love-30 15-30 Deuce Adv. A Deuce Adv. A Deuce Adv. B Deuce Adv. B Deuce Adv. A A Wins
1,12,2,4,B,0-0 15-Love 15-15 30-15 Deuce Adv. A Deuce Adv. B B Wins
1,12,2,5,A,0-0 Love-15 15-15 15-30 Deuce Adv. A A Wins
1,12,2,6,A,0-0 15-Love 30-Love 30-15 40-15 A Wins
1,12,2,7,A,0-0 Love-15 15-15 30-15 40-15 Adv. A A Wins
1,13,1,1,A,0-0 15-Love 30-Love 40-Love A Wins
1,13,1,2,A,0-0 15-Love 15-15 30-15 40-15 Adv. A A Wins
1,13,1,3,A,0-0 15-Love 30-Love 30-15 Deuce Adv. B Deuce Adv. A A Wins
1,13,1,4,A,0-0 15-Love 30-Love 30-15 40-15 A Wins
1,13,1,5,A,0-0 15-Love 15-15 30-15 40-15 A Wins
1,13,1,6,A,0-0 15-Love 30-Love 40-Love A Wins
1,13,2,1,A,0-0 15-Love 30-Love 30-15 Deuce Adv. A A Wins
1,13,2,2,A,0-0 15-Love 30-Love 40-Love 40-15 A Wins
1,13,2,3,A,0-0 15-Love 30-Love 30-15 40-15 A Wins
1,13,2,4,A,0-0 15-Love 30-Love 40-Love A Wins
1,13,2,5,A,0-0 Love-15 15-15 30-15 40-15 A Wins
1,13,2,6,B,0-0 15-Love 15-15 15-30 Deuce Adv. B B Wins
1,13,2,7,A,0-0 15-Love 30-Love 30-15 40-15 A Wins
1,14,1,1,A,0-0 15-Love 30-Love 40-Love A Wins
1,14,1,2,A,0-0 15-Love 30-Love 40-Love A Wins
1,14,1,3,A,0-0 15-Love 30-Love 40-Love 40-15 A Wins
1,14,1,4,B,0-0 Love-15 15-15 30-15 Deuce Adv. B Deuce Adv. B Deuce Adv. B B Wins
1,14,1,5,A,0-0 15-Love 15-15 15-30 Deuce Adv. A A Wins
1,14,1,6,A,0-0 15-Love 30-Love 30-15 40-15 Adv. A Deuce Adv. A A Wins
1,14,1,7,A,0-0 15-Love 30-Love 30-15 Deuce Adv. A Deuce Adv. B Deuce Adv. A A Wins
1,14,2,1,B,0-0 15-Love 15-15 15-30 15-40 B Wins
1,14,2,2,A,0-0 15-Love 30-Love 30-15 Deuce Adv. A Deuce Adv. A Deuce Adv. A A Wins
1,14,2,3,A,0-0 15-Love 30-Love 40-Love 40-15 Adv. A A Wins
1,14,2,4,A,0-0 Love-15 15-15 30-15 40-15 Adv. A A Wins
1,14,2,5,A,0-0 Love-15 15-15 30-15 40-15 Adv. A A Wins
1,14,2,6,A,0-0 15-Love 15-15 30-15 Deuce Adv. A A Wins
1,14,2,7,B,0-0 Love-15 Love-30 Love-40 B Wins
1,14,2,8,A,0-0 15-Love 30-Love 40-Love A Wins
1,15,1,1,A,0-0 15-Love 30-Love 40-Love A Wins
1,15,1,2,A,0-0 15-Love 30-Love 40-Love A Wins
1,15,1,3,A,0-0 15-Love 30-Love 30-15 Deuce Adv. A A Wins
1,15,1,4,A,0-0 15-Love 30-Love 30-15 40-15 A Wins
1,15,1,5,A,0-0 15-Love 30-Love 40-Love A Wins
1,15,1,6,A,0-0 15-Love 30-Love 40-Love A Wins
1,15,2,1,A,0-0 15-Love 30-Love 40-Love A Wins
1,15,2,2,A,0-0 15-Love 30-Love 40-Love A Wins
1,15,2,3,A,0-0 15-Love 30-Love 40-Love 40-15 A Wins
1,15,2,4,B,0-0 Love-15 Love-30 Love-40 B Wins
1,15,2,5,A,0-0 15-Love 15-15 15-30 Deuce Adv. A A Wins
1,15,2,6,A,0-0 15-Love 30-Love 40-Love A Wins
1,15,2,7,A,0-0 15-Love 30-Love 40-Love 40-15 A Wins
1,16,1,1,A,0-0 Love-15 Love-30 15-30 Deuce Adv. A A Wins
1,16,1,2,A,0-0 Love-15 15-15 30-15 40-15 A Wins
1,16,1,3,A,0-0 15-Love 15-15 30-15 40-15 Adv. A A Wins
1,16,1,4,A,0-0 15-Love 15-15 30-15 40-15 A Wins
1,16,1,5,B,0-0 15-Love 15-15 30-15 Deuce Adv. B Deuce Adv. B B Wins
1,16,1,6,A,0-0 15-Love 15-15 15-30 Deuce Adv. B Deuce Adv. A A Wins
1,16,1,7,A,0-0 15-Love 15-15 30-15 Deuce Adv. A Deuce Adv. A A Wins
1,16,2,1,A,0-0 Love-15 15-15 30-15 40-15 A Wins
1,16,2,2,A,0-0 15-Love 30-Love 40-Love 40-15 A Wins
1,16,2,3,A,0-0 15-Love 15-15 30-15 40-15 A Wins
1,16,2,4,A,0-0 Love-15 15-15 30-15 40-15 Adv. A A Wins
1,16,2,5,A,0-0 15-Love 30-Love 40-Love 40-15 A Wins
1,16,2,6,A,0-0 15-Love 30-Love 40-Love 40-15 Adv. A A Wins
1,17,1,1,A,0-0 15-Love 30-Love 40-Love A Wins
1,17,1,2,A,0-0 Love-15 15-15 30-15 Deuce Adv. B Deuce Adv. B Deuce Adv. A A Wins
1,17,1,3,A,0-0 15-Love 15-15 30-15 40-15 A Wins
1,17,1,4,A,0-0 15-Love 30-Love 40-Love A Wins
1,17,1,5,A,0-0 15-Love 30-Love 30-15 Deuce Adv. B Deuce Adv. A Deuce Adv. B Deuce Adv. B Deuce Adv. B Deuce Adv. A A Wins
1,17,1,6,A,0-0 Love-15 15-15 15-30 Deuce Adv. B Deuce Adv. A A Wins
1,17,2,1,B,0-0 Love-15 15-15 15-30 15-40 Adv. B B Wins
1,17,2,2,A,0-0 15-Love 30-Love 40-Love A Wins
1,17,2,3,A,0-0 15-Love 30-Love 30-15 40-15 A Wins
1,17,2,4,A,0-0 Love-15 15-15 30-15 40-15 A Wins
1,17,2,5,A,0-0 15-Love 30-Love 30-15 Deuce Adv. B Deuce Adv. A A Wins
1,17,2,6,A,0-0 15-Love 15-15 30-15 40-15 A Wins
1,17,2,7,A,0-0 15-Love 30-Love 40-Love 40-15 A Wins
1,18,1,1,A,0-0 15-Love 30-Love 40-Love A Wins
1,18,1,2,A,0-0 15-Love 30-Love 30-15 40-15 A Wins
1,18,1,3,A,0-0 15-Love 30-Love 40-Love 40-15 A Wins
1,18,1,4,A,0-0 Love-15 15-15 30-15 40-15 Adv. A A Wins
1,18,1,5,A,0-0 15-Love 15-15 30-15 40-15 A Wins
1,18,1,6,A,0-0 15-Love 15-15 30-15 40-15 Adv. A A Wins
1,18,2,1,A,0-0 15-Love 30-Love 40-Love A Wins
1,18,2,2,A,0-0 Love-15 15-15 15-30 15-40 Adv. B Deuce Adv. A Deuce Adv. A A Wins
1,18,2,3,A,0-0 15-Love 30-Love 30-15 40-15 Adv. A A Wins
1,18,2,4,A,0-0 Love-15 15-15 30-15 40-15 Adv. A A Wins
1,18,2,5,A,0-0 15-Love 30-Love 40-Love A Wins
1,18,2,6,A,0-0 15-Love 30-Love 40-Love A Wins
1,19,1,1,A,0-0 15-Love 30-Love 40-Love A Wins
1,19,1,2,A,0-0 15-Love 30-Love 30-15 Deuce Adv. A A Wins
1,19,1,3,A,0-0 Love-15 Love-30 15-30 Deuce Adv. A A Wins
1,19,1,4,A,0-0 Love-15 15-15 30-15 40-15 A Wins
1,19,1,5,A,0-0 15-Love 30-Love 30-15 40-15 Adv. A A Wins
1,19,1,6,A,0-0 15-Love 15-15 30-15 40-15 Adv. A A Wins
1,19,2,1,A,0-0 15-Love 30-Love 40-Love A Wins
1,19,2,2,B,0-0 Love-15 Love-30 Love-40 B Wins
1,19,2,3,A,0-0 Love-15 Love-30 15-30 15-40 Adv. B Deuce Adv. B Deuce Adv. B Deuce Adv. A A Wins
1,19,2,4,A,0-0 15-Love 30-Love 40-Love 40-15 Adv. A Deuce Adv. B Deuce Adv. A A Wins
1,19,2,5,A,0-0 Love-15 15-15 30-15 Deuce Adv. A A Wins
1,19,2,6,B,0-0 15-Love 15-15 15-30 15-40 Adv. B B Wins
1,19,2,7,A,0-0 Love-15 15-15 15-30 Deuce Adv. A A Wins
1,19,2,8,B,0-0 Love-15 15-15 30-15 Deuce Adv. B B Wins
1,19,2,9,A,0-0 15-Love 30-Love 30-15 40-15 A Wins
1,20,1,1,A,0-0 15-Love 30-Love 40-Love A Wins
1,20,1,2,A,0-0 15-Love 30-Love 40-Love A Wins
1,20,1,3,A,0-0 Love-15 15-15 30-15 40-15 A Wins
1,20,1,4,A,0-0 15-Love 30-Love 40-Love 40-15 A Wins
1,20,1,5,A,0-0 15-Love 15-15 15-30 Deuce Adv. B Deuce Adv. A Deuce Adv. A A Wins
1,20,1,6,A,0-0 Love-15 15-15 30-15 40-15 A Wins
1,20,2,1,A,0-0 15-Love 30-Love 40-Love A Wins
1,20,2,2,A,0-0 Love-15 15-15 30-15 40-15 Adv. A A Wins
1,20,2,3,A,0-0 15-Love 30-Love 40-Love A Wins
1,20,2,4,A,0-0 15-Love 30-Love 30-15 Deuce Adv. A A Wins
1,20,2,5,B,0-0 Love-15 Love-30 15-30 15-40 B Wins
1,20,2,6,A,0-0 15-Love 30-Love 40-Love A Wins
1,20,2,7,A,0-0 15-Love 15-15 30-15 40-15 A Wins
1,21,1,1,A,0-0 Love-15 15-15 30-15 40-15 A Wins
1,21,1,2,A,0-0 15-Love 30-Love 30-15 40-15 A Wins
1,21,1,3,A,0-0 Love-15 15-15 30-15 40-15 A Wins
1,21,1,4,A,0-0 15-Love 15-15 30-15 40-15 A Wins
1,21,1,5,A,0-0 15-Love 30-Love 30-15 40-15 A Wins
1,21,1,6,B,0-0 15-Love 15-15 30-15 Deuce Adv. B B Wins
1,21,1,7,A,0-0 15-Love 30-Love 40-Love A Wins
1,21,2,1,A,0-0 15-Love 30-Love 40-Love 40-15 A Wins
1,21,2,2,A,0-0 15-Love 15-15 15-30 15-40 Adv. B Deuce Adv. A A Wins
1,21,2,3,A,0-0 Love-15 Love-30 15-30 Deuce Adv. B Deuce Adv. A A Wins
1,21,2,4,A,0-0 15-Love 15-15 30-15 40-15 A Wins
1,21,2,5,A,0-0 15-Love 15-15 30-15 Deuce Adv. A A Wins
1,21,2,6,A,0-0 Love-15 15-15 30-15 Deuce Adv. A Deuce Adv. B Deuce Adv. B Deuce Adv. A A Wins
1,22,1,1,A,0-0 15-Love 15-15 30-15 40-15 Adv. A A Wins
1,22,1,2,A,0-0 15-Love 30-Love 30-15 40-15 Adv. A Deuce Adv. A A Wins
1,22,1,3,A,0-0 15-Love 30-Love 30-15 40-15 A Wins
1,22,1,4,A,0-0 Love-15 15-15 30-15 Deuce Adv. A A Wins
1,22,1,5,A,0-0 Love-15 15-15 30-15 40-15 Adv. A A Wins
1,22,1,6,B,0-0 15-Love 15-15 15-30 Deuce Adv. B Deuce Adv. B B Wins
1,22,1,7,A,0-0 15-Love 30-Love 30-15 40-15 A Wins
1,22,2,1,A,0-0 15-Love 30-Love 40-Love A Wins
1,22,2,2,A,0-0 15-Love 30-Love 40-Love 40-15 Adv. A A Wins
1,22,2,3,A,0-0 15-Love 30-Love 40-Love 40-15 A Wins
1,22,2,4,A,0-0 15-Love 15-15 30-15 40-15 A Wins
1,22,2,5,A,0-0 Love-15 15-15 15-30 Deuce Adv. A A Wins
1,22,2,6,A,0-0 15-Love 15-15 30-15 40-15 Adv. A A Wins
1,23,1,1,B,0-0 Love-15 Love-30 15-30 Deuce Adv. A Deuce Adv. A Deuce Adv. B Deuce Adv. A Deuce Adv. B B Wins
1,23,1,2,A,0-0 15-Love 15-15 30-15 40-15 Adv. A Deuce Adv. A A Wins
1,23,1,3,A,0-0 15-Love 30-Love 40-Love A Wins
1,23,1,4,A,0-0 15-Love 15-15 15-30 Deuce Adv. A A Wins
1,23,1,5,A,0-0 15-Love 30-Love 30-15 40-15 A Wins
1,23,1,6,A,0-0 15-Love 30-Love 30-15 40-15 Adv. A A Wins
1,23,1,7,A,0-0 15-Love 30-Love 30-15 Deuce Adv. A A Wins
1,23,2,1,A,0-0 15-Love 30-Love 30-15 40-15 Adv. A Deuce Adv. B Deuce Adv. A A Wins
1,23,2,2,A,0-0 15-Love 15-15 15-30 Deuce Adv. A A Wins
1,23,2,3,A,0-0 15-Love 15-15 15-30 Deuce Adv. B Deuce Adv. B Deuce Adv. A A Wins
1,23,2,4,A,0-0 15-Love 30-Love 40-Love A Wins
1,23,2,5,A,0-0 15-Love 30-Love 40-Love A Wins
1,23,2,6,A,0-0 15-Love 30-Love 30-15 40-15 Adv. A A Wins
1,24,1,1,A,0-0 15-Love 30-Love 30-15 40-15 A Wins
1,24,1,2,A,0-0 15-Love 15-15 30-15 40-15 A Wins
1,24,1,3,A,0-0 Love-15 Love-30 15-30 Deuce Adv. A Deuce Adv. A A Wins
1,24,1,4,A,0-0 Love-15 Love-30 15-30 15-40 Adv. B Deuce Adv. A A Wins
1,24,1,5,A,0-0 15-Love 30-Love 30-15 40-15 A Wins
1,24,1,6,A,0-0 15-Love 30-Love 30-15 40-15 Adv. A A Wins
1,24,2,1,A,0-0 15-Love 30-Love 40-Love A Wins
1,24,2,2,B,0-0 Love-15 Love-30 Love-40 B Wins
1,24,2,3,B,0-0 15-Love 15-15 15-30 15-40 Adv. B B Wins
1,24,2,4,A,0-0 Love-15 15-15 30-15 40-15 A Wins
1,24,2,5,A,0-0 15-Love 30-Love 40-Love A Wins
1,24,2,6,A,0-0 Love-15 Love-30 15-30 Deuce Adv. A A Wins
1,24,2,7,A,0-0 Love-15 15-15 30-15 40-15 Adv. A A Wins
1,24,2,8,B,0-0 Love-15 15-15 15-30 Deuce Adv. B B Wins
1,24,2,9,A,0-0 15-Love 30-Love 40-Love A Wins
1,25,1,1,A,0-0 15-Love 30-Love 30-15 40-15 Adv. A A Wins
1,25,1,2,A,0-0 15-Love 30-Love 40-Love A Wins
1,25,1,3,A,0-0 15-Love 30-Love 40-Love A Wins
1,25,1,4,A,0-0 15-Love 15-15 30-15 40-15 A Wins
1,25,1,5,A,0-0 Love-15 15-15 30-15 Deuce Adv. A A Wins
1,25,1,6,A,0-0 15-Love 15-15 15-30 Deuce Adv. A A Wins
1,25,2,1,A,0-0 15-Love 30-Love 40-Love A Wins
1,25,2,2,A,0-0 15-Love 30-Love 30-15 40-15 Adv. A A Wins
1,25,2,3,A,0-0 Love-15 15-15 30-15 40-15 A Wins
1,25,2,4,A,0-0 Love-15 15-15 15-30 Deuce Adv. B Deuce Adv. A A Wins
1,25,2,5,A,0-0 15-Love 15-15 30-15 40-15 A Wins
1,25,2,6,A,0-0 Love-15 15-15 30-15 Deuce Adv. A A Wins
1,26,1,1,A,0-0 15-Love 30-Love 40-Love A Wins
1,26,1,2,A,0-0 Love-15 Love-30 15-30 15-40 Adv. B Deuce Adv. B Deuce Adv. A A Wins
1,26,1,3,A,0-0 15-Love 30-Love 30-15 40-15 A Wins
1,26,1,4,A,0-0 15-Love 30-Love 40-Love 40-15 A Wins
1,26,1,5,A,0-0 Love-15 15-15 30-15 40-15 A Wins
1,26,1,6,A,0-0 Love-15 15-15 30-15 40-15 Adv. A A Wins
1,26,2,1,A,0-0 15-Love 30-Love 40-Love A Wins
1,26,2,2,A,0-0 Love-15 15-15 30-15 Deuce Adv. A A Wins
1,26,2,3,A,0-0 15-Love 30-Love 40-Love A Wins
1,26,2,4,A,0-0 Love-15 Love-30 15-30 15-40 Adv. B Deuce Adv. B Deuce Adv. A A Wins
1,26,2,5,A,0-0 Love-15 15-15 30-15 40-15 A Wins
1,26,2,6,A,0-0 15-Love 30-Love 40-Love A Wins
1,27,1,1,A,0-0 15-Love 30-Love 40-Love A Wins
1,27,1,2,A,0-0 Love-15 Love-30 15-30 Deuce Adv. A A Wins
1,27,1,3,B,0-0 Love-15 15-15 15-30 Deuce Adv. B Deuce Adv. B B Wins
1,27,1,4,B,0-0 15-Love 30-Love 30-15 Deuce Adv. B Deuce Adv. B B Wins
1,27,1,5,B,0-0 15-Love 30-Love 40-Love 40-15 Adv. A Deuce Adv. A Deuce Adv. B B Wins
1,27,1,6,B,0-0 Love-15 15-15 15-30 15-40 B Wins
1,27,1,7,A,0-0 15-Love 30-Love 40-Love 40-15 Adv. A A Wins
1,27,1,8,A,0-0 15-Love 30-Love 40-Love 40-15 A Wins
1,27,1,9,A,0-0 Love-15 15-15 15-30 Deuce Adv. A A Wins
1,27,1,10,A,0-0 Love-15 15-15 15-30 15-40 Adv. B Deuce Adv. A A Wins
1,27,2,1,A,0-0 15-Love 30-Love 40-Love 40-15 A Wins
1,27,2,2,A,0-0 Love-15 15-15 30-15 40-15 Adv. A A Wins
1,27,2,3,A,0-0 Love-15 Love-30 15-30 Deuce Adv. B Deuce Adv. A A Wins
1,27,2,4,A,0-0 15-Love 30-Love 30-15 40-15 Adv. A A Wins
1,27,2,5,A,0-0 Love-15 Love-30 15-30 Deuce Adv. A Deuce Adv. A A Wins
1,27,2,6,A,0-0 15-Love 30-Love 40-Love A Wins
1,28,1,1,A,0-0 15-Love 30-Love 40-Love 40-15 A Wins
1,28,1,2,A,0-0 15-Love 30-Love 40-Love A Wins
1,28,1,3,A,0-0 15-Love 30-Love 40-Love 40-15 A Wins
1,28,1,4,A,0-0 15-Love 30-Love 30-15 40-15 Adv. A Deuce Adv. A A Wins
1,28,1,5,A,0-0 15-Love 15-15 15-30 Deuce Adv. B Deuce Adv. A Deuce Adv. A Deuce Adv. A A Wins
1,28,1,6,A,0-0 15-Love 15-15 30-15 Deuce Adv. B Deuce Adv. B Deuce Adv. A A Wins
1,28,2,1,A,0-0 Love-15 15-15 30-15 40-15 A Wins
1,28,2,2,A,0-0 15-Love 30-Love 40-Love 40-15 Adv. A Deuce Adv. B Deuce Adv. A A Wins
1,28,2,3,A,0-0 Love-15 15-15 30-15 40-15 A Wins
1,28,2,4,A,0-0 Love-15 15-15 15-30 Deuce Adv. A A Wins
1,28,2,5,A,0-0 15-Love 15-15 30-15 40-15 Adv. A A Wins
1,28,2,6,A,0-0 15-Love 30-Love 40-Love A Wins
1,29,1,1,A,0-0 15-Love 30-Love 30-15 Deuce Adv. A Deuce Adv. A Deuce Adv. A A Wins
1,29,1,2,A,0-0 Love-15 15-15 30-15 40-15 A Wins
1,29,1,3,A,0-0 15-Love 30-Love 40-Love 40-15 A Wins
1,29,1,4,A,0-0 15-Love 15-15 30-15 40-15 Adv. A A Wins
1,29,1,5,A,0-0 15-Love 30-Love 40-Love A Wins
1,29,1,6,A,0-0 15-Love 30-Love 30-15 40-15 A Wins
1,29,2,1,B,0-0 15-Love 30-Love 30-15 Deuce Adv. A Deuce Adv. B B Wins
1,29,2,2,A,0-0 15-Love 30-Love 30-15 Deuce Adv. A A Wins
1,29,2,3,A,0-0 15-Love 15-15 30-15 40-15 A Wins
1,29,2,4,A,0-0 15-Love 15-15 30-15 Deuce Adv. A Deuce Adv. B Deuce Adv. A A Wins
1,29,2,5,A,0-0 Love-15 15-15 30-15 40-15 A Wins
1,29,2,6,A,0-0 15-Love 30-Love 30-15 Deuce Adv. A A Wins
1,29,2,7,B,0-0 Love-15 Love-30 15-30 15-40 Adv. B Deuce Adv. B B Wins
1,29,2,8,A,0-0 Love-15 15-15 30-15 40-15 A Wins
1,30,1,1,A,0-0 Love-15 Love-30 15-30 Deuce Adv. A A Wins
1,30,1,2,A,0-0 Love-15 15-15 30-15 40-15 A Wins
1,30,1,3,A,0-0 15-Love 30-Love 40-Love A Wins
1,30,1,4,A,0-0 15-Love 30-Love 40-Love A Wins
1,30,1,5,B,0-0 15-Love 15-15 30-15 Deuce Adv. B Deuce Adv. B B Wins
1,30,1,6,A,0-0 15-Love 30-Love 40-Love A Wins
1,30,1,7,B,0-0 15-Love 15-15 15-30 15-40 Adv. B B Wins
1,30,1,8,A,0-0 15-Love 30-Love 40-Love 40-15 Adv. A A Wins
1,30,2,1,A,0-0 15-Love 30-Love 30-15 40-15 A Wins
1,30,2,2,A,0-0 Love-15 15-15 30-15 40-15 A Wins
1,30,2,3,A,0-0 Love-15 15-15 30-15 Deuce Adv. A A Wins
1,30,2,4,A,0-0 Love-15 15-15 30-15 Deuce Adv. A A Wins
1,30,2,5,A,0-0 15-Love 30-Love 30-15 Deuce Adv. A Deuce Adv. B Deuce Adv. A A Wins
1,30,2,6,A,0-0 Love-15 15-15 30-15 40-15 Adv. A A Wins
2,1,1,1,B,0-0 Love-15 15-15 15-30 Deuce Adv. B B Wins
2,1,1,2,B,0-0 15-Love 30-Love 30-15 40-15 Adv. A Deuce Adv. A Deuce Adv. B B Wins
2,1,1,3,A,0-0 Love-15 15-15 30-15 Deuce Adv. A A Wins
2,1,1,4,A,0-0 15-Love 15-15 30-15 40-15 Adv. A A Wins
2,1,1,5,A,0-0 Love-15 15-15 30-15 40-15 A Wins
2,1,1,6,B,0-0 Love-15 15-15 15-30 15-40 Adv. B B Wins
2,1,1,7,A,0-0 15-Love 30-Love 40-Love 40-15 A Wins
2,1,1,8,A,0-0 Love-15 15-15 30-15 40-15 Adv. A Deuce Adv. A Deuce Adv. A A Wins
2,1,1,9,B,0-0 15-Love 15-15 30-15 Deuce Adv. B Deuce Adv. B Deuce Adv. B Deuce Adv. B B Wins
2,1,1,10,B,0-0 Love-15 Love-30 Love-40 B Wins
2,1,1,11,A,0-0 15-Love 15-15 30-15 40-15 Adv. A A Wins
2,1,1,12,B,0-0 Love-15 Love-30 Love-40 B Wins
2,1,1,13,A,0-0 15-Love 30-Love 30-15 Deuce Adv. B Deuce Adv. A A Wins
2,1,2,1,A,0-0 Love-15 15-15 30-15 40-15 A Wins
2,1,2,2,A,0-0 Love-15 15-15 30-15 Deuce Adv. A Deuce Adv. A Deuce Adv. B Deuce Adv. A A Wins
2,1,2,3,A,0-0 Love-15 15-15 30-15 40-15 Adv. A A Wins
2,1,2,4,A,0-0 15-Love 30-Love 30-15 40-15 A Wins
2,1,2,5,B,0-0 Love-15 Love-30 Love-40 15-40 B Wins
2,1,2,6,A,0-0 15-Love 30-Love 40-Love 40-15 A Wins
2,1,2,7,A,0-0 Love-15 15-15 30-15 40-15 Adv. A A Wins
2,2,1,1,B,0-0 15-Love 15-15 30-15 Deuce Adv. A Deuce Adv. A Deuce Adv. A Deuce Adv. A Deuce Adv. B Deuce Adv. B B Wins
2,2,1,2,B,0-0 Love-15 Love-30 Love-40 15-40 Adv. B B Wins
2,2,1,3,A,0-0 15-Love 30-Love 40-Love 40-15 A Wins
2,2,1,4,B,0-0 Love-15 15-15 30-15 40-15 Adv. A Deuce Adv. B B Wins
2,2,1,5,B,0-0 15-Love 15-15 15-30 15-40 B Wins
2,2,1,6,A,0-0 Love-15 15-15 30-15 Deuce Adv. B Deuce Adv. B Deuce Adv. A A Wins
2,2,1,7,B,0-0 15-Love 15-15 15-30 15-40 Adv. B B Wins
2,2,1,8,B,0-0 Love-15 Love-30 15-30 15-40 B Wins
2,2,2,1,B,0-0 15-Love 15-15 15-30 Deuce Adv. A Deuce Adv. B B Wins
2,2,2,2,B,0-0 15-Love 15-15 15-30 15-40 Adv. B B Wins
2,2,2,3,B,0-0 Love-15 Love-30 Love-40 15-40 Adv. B B Wins
2,2,2,4,A,0-0 15-Love 15-15 15-30 Deuce Adv. A Deuce Adv. A Deuce Adv. A A Wins
2,2,2,5,A,0-0 15-Love 30-Love 40-Love 40-15 A Wins
2,2,2,6,B,0-0 15-Love 15-15 30-15 40-15 Adv. A Deuce Adv. B Deuce Adv. A Deuce Adv. A Deuce Adv. B B Wins
2,2,2,7,A,0-0 15-Love 30-Love 40-Love A Wins
2,2,2,8,A,0-0 15-Love 30-Love 40-Love 40-15 A Wins
2,2,2,9,A,0-0 15-Love 15-15 30-15 40-15 Adv. A A Wins
2,2,2,10,A,0-0 Love-15 Love-30 15-30 Deuce Adv. A A Wins
2,2,3,1,A,0-0 Love-15 15-15 30-15 40-15 Adv. A A Wins
2,2,3,2,B,0-0 Love-15 15-15 30-15 Deuce Adv. B B Wins
2,2,3,3,A,0-0 15-Love 15-15 30-15 40-15 A Wins
2,2,3,4,A,0-0 15-Love 30-Love 30-15 40-15 A Wins
2,2,3,5,A,0-0 15-Love 15-15 15-30 15-40 Adv. B Deuce Adv. A Deuce Adv. A Deuce Adv. A A Wins
2,2,3,6,A,0-0 Love-15 15-15 30-15 40-15 A Wins
2,2,3,7,B,0-0 Love-15 Love-30 Love-40 B Wins
2,2,3,8,B,0-0 15-Love 15-15 15-30 15-40 B Wins
2,2,3,9,B,0-0 Love-15 15-15 15-30 15-40 Adv. B Deuce Adv. A Deuce Adv. A Deuce Adv. A Deuce Adv. B B Wins
2,2,3,10,B,0-0 15-Love 15-15 15-30 Deuce Adv. B B Wins
2,2,3,11,B,0-0 15-Love 15-15 15-30 15-40 Adv. B B Wins
2,2,3,12,A,0-0 15-Love 30-Love 40-Love A Wins
2,2,3,13,B,0-0 Love-15 Love-30 15-30 Deuce Adv. A Deuce Adv. B B Wins
2,3,1,1,A,0-0 15-Love 30-Love 40-Love 40-15 A Wins
2,3,1,2,A,0-0 15-Love 30-Love 40-Love A Wins
2,3,1,3,A,0-0 Love-15 15-15 15-30 Deuce Adv. B Deuce Adv. B Deuce Adv. A Deuce Adv. A A Wins
2,3,1,4,B,0-0 Love-15 15-15 30-15 Deuce Adv. A Deuce Adv. B B Wins
2,3,1,5,B,0-0 Love-15 Love-30 15-30 15-40 Adv. B B Wins
2,3,1,6,A,0-0 15-Love 30-Love 30-15 40-15 A Wins
2,3,1,7,B,0-0 15-Love 30-Love 30-15 Deuce Adv. A Deuce Adv. B B Wins
2,3,1,8,A,0-0 15-Love 30-Love 40-Love 40-15 A Wins
2,3,1,9,A,0-0 Love-15 15-15 15-30 15-40 Adv. B Deuce Adv. B Deuce Adv. A Deuce Adv. A A Wins
2,3,2,1,A,0-0 15-Love 30-Love 40-Love A Wins
2,3,2,2,B,0-0 Love-15 15-15 15-30 Deuce Adv. A Deuce Adv. A Deuce Adv. B Deuce Adv. B Deuce Adv. B B Wins
2,3,2,3,B,0-0 15-Love 15-15 15-30 15-40 B Wins
2,3,2,4,A,0-0 15-Love 30-Love 30-15 Deuce Adv. A A Wins
2,3,2,5,B,0-0 Love-15 Love-30 15-30 15-40 Adv. B B Wins
2,3,2,6,A,0-0 15-Love 15-15 30-15 40-15 A Wins
2,3,2,7,A,0-0 15-Love 30-Love 30-15 Deuce Adv. A A Wins
2,3,2,8,A,0-0 Love-15 Love-30 15-30 Deuce Adv. A Deuce Adv. A A Wins
2,3,2,9,B,0-0 Love-15 Love-30 Love-40 B Wins
2,3,2,10,B,0-0 15-Love 15-15 15-30 15-40 Adv. B Deuce Adv. B B Wins
2,3,2,11,A,0-0 15-Love 15-15 15-30 Deuce Adv. B Deuce Adv. A Deuce Adv. A A Wins
2,3,2,12,A,0-0 Love-15 Love-30 15-30 15-40 Adv. B Deuce Adv. A A Wins
2,4,1,1,B,0-0 Love-15 Love-30 Love-40 B Wins
2,4,1,2,B,0-0 15-Love 30-Love 30-15 Deuce Adv. A Deuce Adv. B Deuce Adv. A Deuce Adv. B B Wins
2,4,1,3,B,0-0 Love-15 15-15 15-30 15-40 B Wins
2,4,1,4,B,0-0 Love-15 Love-30 Love-40 B Wins
2,4,1,5,A,0-0 15-Love 30-Love 40-Love 40-15 Adv. A A Wins
2,4,1,6,B,0-0 Love-15 Love-30 Love-40 15-40 Adv. B B Wins
2,4,1,7,B,0-0 Love-15 Love-30 15-30 15-40 B Wins
2,4,2,1,B,0-0 Love-15 15-15 30-15 Deuce Adv. A Deuce Adv. B B Wins
2,4,2,2,A,0-0 Love-15 15-15 15-30 Deuce Adv. B Deuce Adv. A A Wins
2,4,2,3,A,0-0 15-Love 15-15 30-15 40-15 A Wins
2,4,2,4,A,0-0 15-Love 15-15 30-15 Deuce Adv. B Deuce Adv. A Deuce Adv. B Deuce Adv. A A Wins
2,4,2,5,B,0-0 Love-15 15-15 30-15 Deuce Adv. B B Wins
2,4,2,6,A,0-0 15-Love 30-Love 40-Love A Wins
2,4,2,7,A,0-0 15-Love 15-15 15-30 Deuce Adv. B Deuce Adv. A A Wins
2,4,2,8,A,0-0 Love-15 15-15 15-30 15-40 Adv. B Deuce Adv. A Deuce Adv. A A Wins
2,4,3,1,B,0-0 Love-15 Love-30 15-30 15-40 Adv. B B Wins
2,4,3,2,A,0-0 15-Love 15-15 15-30 Deuce Adv. A Deuce Adv. A A Wins
2,4,3,3,B,0-0 15-Love 15-15 15-30 15-40 Adv. B B Wins
2,4,3,4,B,0-0 15-Love 15-15 15-30 Deuce Adv. B B Wins
2,4,3,5,A,0-0 Love-15 Love-30 15-30 15-40 Adv. B Deuce Adv. A A Wins
2,4,3,6,A,0-0 15-Love 30-Love 30-15 Deuce Adv. B Deuce Adv. B Deuce Adv. A Deuce Adv. A A Wins
2,4,3,7,B,0-0 Love-15 Love-30 15-30 15-40 B Wins
2,4,3,8,B,0-0 15-Love 15-15 15-30 Deuce Adv. B Deuce Adv. A Deuce Adv. A Deuce Adv. B B Wins
2,4,3,9,A,0-0 Love-15 15-15 15-30 15-40 Adv. B Deuce Adv. A Deuce Adv. A A Wins
2,4,3,10,B,0-0 Love-15 Love-30 15-30 Deuce Adv. B B Wins
2,5,1,1,A,0-0 15-Love 15-15 30-15 40-15 Adv. A A Wins
2,5,1,2,B,0-0 Love-15 Love-30 Love-40 15-40 Adv. B Deuce Adv. A Deuce Adv. B B Wins
2,5,1,3,B,0-0 Love-15 Love-30 15-30 15-40 B Wins
2,5,1,4,A,0-0 Love-15 15-15 15-30 15-40 Adv. B Deuce Adv. A Deuce Adv. B Deuce Adv. A A Wins
2,5,1,5,A,0-0 15-Love 15-15 30-15 40-15 A Wins
2,5,1,6,B,0-0 Love-15 15-15 15-30 15-40 Adv. B Deuce Adv. B B Wins
2,5,1,7,A,0-0 15-Love 30-Love 40-Love A Wins
2,5,1,8,A,0-0 15-Love 30-Love 30-15 Deuce Adv. A A Wins
2,5,1,9,A,0-0 15-Love 15-15 15-30 Deuce Adv. B Deuce Adv. B Deuce Adv. A A Wins
2,5,2,1,B,0-0 Love-15 Love-30 Love-40 B Wins
2,5,2,2,B,0-0 Love-15 Love-30 15-30 15-40 Adv. B B Wins
2,5,2,3,A,0-0 15-Love 30-Love 40-Love A Wins
2,5,2,4,A,0-0 Love-15 15-15 30-15 Deuce Adv. A A Wins
2,5,2,5,B,0-0 Love-15 15-15 15-30 Deuce Adv. B B Wins
2,5,2,6,B,0-0 Love-15 Love-30 Love-40 15-40 Adv. B B Wins
2,5,2,7,A,0-0 15-Love 15-15 30-15 Deuce Adv. A A Wins
2,5,2,8,B,0-0 15-Love 15-15 30-15 Deuce Adv. B Deuce Adv. A Deuce Adv. B B Wins
2,5,2,9,A,0-0 15-Love 15-15 15-30 Deuce Adv. A A Wins
2,5,2,10,A,0-0 15-Love 15-15 30-15 Deuce Adv. A Deuce Adv. B Deuce Adv. A Deuce Adv. B Deuce Adv. A A Wins
2,5,2,11,A,0-0 Love-15 15-15 30-15 40-15 A Wins
2,5,2,12,A,0-0 15-Love 30-Love 30-15 40-15 A Wins
2,6,1,1,B,0-0 Love-15 Love-30 Love-40 15-40 Adv. B B Wins
2,6,1,2,B,0-0 Love-15 15-15 15-30 15-40 B Wins
2,6,1,3,B,0-0 15-Love 15-15 30-15 Deuce Adv. B Deuce Adv. A Deuce Adv. B B Wins
2,6,1,4,A,0-0 Love-15 15-15 30-15 40-15 Adv. A A Wins
2,6,1,5,B,0-0 Love-15 15-15 30-15 Deuce Adv. B B Wins
2,6,1,6,B,0-0 Love-15 Love-30 15-30 Deuce Adv. B B Wins
2,6,1,7,B,0-0 Love-15 15-15 15-30 15-40 B Wins
2,6,2,1,B,0-0 Love-15 15-15 15-30 15-40 B Wins
2,6,2,2,A,0-0 15-Love 15-15 30-15 Deuce Adv. A A Wins
2,6,2,3,B,0-0 Love-15 Love-30 Love-40 15-40 B Wins
2,6,2,4,A,0-0 Love-15 Love-30 15-30 Deuce Adv. A Deuce Adv. A A Wins
2,6,2,5,B,0-0 Love-15 15-15 30-15 Deuce Adv. B Deuce Adv. B B Wins
2,6,2,6,A,0-0 Love-15 15-15 15-30 Deuce Adv. B Deuce Adv. A Deuce Adv. B Deuce Adv. A A Wins
2,6,2,7,B,0-0 Love-15 15-15 15-30 Deuce Adv. A Deuce Adv. B B Wins
2,6,2,8,B,0-0 Love-15 15-15 30-15 Deuce Adv. B B Wins
2,6,2,9,B,0-0 Love-15 Love-30 Love-40 B Wins
2,7,1,1,A,0-0 15-Love 30-Love 40-Love A Wins
2,7,1,2,B,0-0 15-Love 15-15 30-15 Deuce Adv. B B Wins
2,7,1,3,A,0-0 15-Love 30-Love 30-15 40-15 A Wins
2,7,1,4,A,0-0 15-Love 15-15 30-15 40-15 Adv. A A Wins
2,7,1,5,B,0-0 Love-15 Love-30 15-30 Deuce Adv. B B Wins
2,7,1,6,A,0-0 15-Love 15-15 30-15 40-15 A Wins
2,7,1,7,B,0-0 Love-15 15-15 15-30 15-40 B Wins
2,7,1,8,B,0-0 Love-15 Love-30 Love-40 B Wins
2,7,1,9,A,0-0 15-Love 30-Love 30-15 40-15 Adv. A Deuce Adv. B Deuce Adv. A Deuce Adv. A A Wins
2,7,1,10,A,0-0 15-Love 30-Love 30-15 Deuce Adv. A Deuce Adv. A Deuce Adv. A A Wins
2,7,2,1,A,0-0 15-Love 15-15 15-30 Deuce Adv. A A Wins
2,7,2,2,A,0-0 Love-15 15-15 15-30 Deuce Adv. B Deuce Adv. B Deuce Adv. A A Wins
2,7,2,3,B,0-0 Love-15 Love-30 15-30 15-40 Adv. B Deuce Adv. B B Wins
2,7,2,4,A,0-0 Love-15 15-15 30-15 40-15 Adv. A A Wins
2,7,2,5,A,0-0 15-Love 30-Love 40-Love A Wins
2,7,2,6,A,0-0 15-Love 30-Love 40-Love 40-15 A Wins
2,7,2,7,A,0-0 15-Love 15-15 30-15 40-15 A Wins
2,8,1,1,B,0-0 15-Love 15-15 15-30 15-40 Adv. B B Wins
2,8,1,2,B,0-0 15-Love 15-15 15-30 15-40 B Wins
2,8,1,3,A,0-0 Love-15 15-15 30-15 Deuce Adv. A A Wins
2,8,1,4,B,0-0 Love-15 Love-30 Love-40 15-40 B Wins
2,8,1,5,A,0-0 Love-15 15-15 30-15 40-15 Adv. A Deuce Adv. B Deuce Adv. A Deuce Adv. A A Wins
2,8,1,6,A,0-0 Love-15 15-15 15-30 Deuce Adv. B Deuce Adv. B Deuce Adv. A A Wins
2,8,1,7,A,0-0 15-Love 15-15 30-15 40-15 A Wins
2,8,1,8,B,0-0 Love-15 15-15 15-30 Deuce Adv. B Deuce Adv. B B Wins
2,8,1,9,B,0-0 Love-15 15-15 15-30 15-40 Adv. B Deuce Adv. B B Wins
2,8,1,10,B,0-0 Love-15 15-15 15-30 Deuce Adv. B B Wins
2,8,2,1,B,0-0 Love-15 Love-30 Love-40 15-40 Adv. B B Wins
2,8,2,2,B,0-0 Love-15 Love-30 15-30 Deuce Adv. B B Wins
2,8,2,3,A,0-0 15-Love 30-Love 40-Love 40-15 A Wins
2,8,2,4,B,0-0 15-Love 30-Love 30-15 40-15 Adv. A Deuce Adv. A Deuce Adv. B B Wins
2,8,2,5,A,0-0 15-Love 30-Love 40-Love 40-15 Adv. A A Wins
2,8,2,6,A,0-0 15-Love 15-15 30-15 40-15 Adv. A Deuce Adv. A A Wins
2,8,2,7,B,0-0 15-Love 15-15 15-30 Deuce Adv. B B Wins
2,8,2,8,A,0-0 15-Love 15-15 30-15 40-15 A Wins
2,8,2,9,A,0-0 Love-15 Love-30 15-30 Deuce Adv. A A Wins
2,8,2,10,A,0-0 15-Love 30-Love 40-Love A Wins
2,8,3,1,A,0-0 15-Love 15-15 30-15 40-15 A Wins
2,8,3,2,A,0-0 15-Love 30-Love 40-Love 40-15 Adv. A Deuce Adv. A A Wins
2,8,3,3,B,0-0 Love-15 Love-30 Love-40 B Wins
2,8,3,4,B,0-0 Love-15 Love-30 15-30 Deuce Adv. A Deuce Adv. B Deuce Adv. B Deuce Adv. B Deuce Adv. B Deuce Adv. B Deuce Adv. A Deuce Adv. B B Wins
2,8,3,5,A,0-0 15-Love 30-Love 30-15 40-15 A Wins
2,8,3,6,B,0-0 15-Love 15-15 15-30 Deuce Adv. A Deuce Adv. B B Wins
2,8,3,7,B,0-0 Love-15 Love-30 Love-40 15-40 Adv. B Deuce Adv. B B Wins
2,8,3,8,A,0-0 15-Love 15-15 15-30 Deuce Adv. A Deuce Adv. B Deuce Adv. A Deuce Adv. A A Wins
2,8,3,9,A,0-0 15-Love 30-Love 40-Love A Wins
2,8,3,10,B,0-0 Love-15 15-15 15-30 Deuce Adv. B B Wins
2,8,3,11,B,0-0 Love-15 15-15 15-30 Deuce Adv. B Deuce Adv. A Deuce Adv. B Deuce Adv. A Deuce Adv. B Deuce Adv. B B Wins
2,8,3,12,B,0-0 Love-15 15-15 30-15 40-15 Adv. A Deuce Adv. B Deuce Adv. B B Wins
2,9,1,1,B,0-0 Love-15 Love-30 Love-40 B Wins
2,9,1,2,A,0-0 Love-15 Love-30 15-30 Deuce Adv. A A Wins
2,9,1,3,A,0-0 15-Love 30-Love 40-Love 40-15 A Wins
2,9,1,4,B,0-0 15-Love 30-Love 30-15 Deuce Adv. B Deuce Adv. B Deuce Adv. B B Wins
2,9,1,5,A,0-0 15-Love 30-Love 30-15 40-15 A Wins
2,9,1,6,A,0-0 Love-15 15-15 30-15 40-15 A Wins
2,9,1,7,B,0-0 Love-15 15-15 15-30 Deuce Adv. B Deuce Adv. B Deuce Adv. B Deuce Adv. A Deuce Adv. B B Wins
2,9,1,8,A,0-0 15-Love 30-Love 40-Love 40-15 Adv. A Deuce Adv. A A Wins
2,9,1,9,A,0-0 15-Love 15-15 30-15 40-15 A Wins
2,9,2,1,B,0-0 Love-15 15-15 15-30 Deuce Adv. B Deuce Adv. B Deuce Adv. B B Wins
2,9,2,2,A,0-0 15-Love 30-Love 40-Love 40-15 Adv. A A Wins
2,9,2,3,B,0-0 15-Love 15-15 30-15 Deuce Adv. A Deuce Adv. B B Wins
2,9,2,4,A,0-0 Love-15 15-15 30-15 40-15 A Wins
2,9,2,5,A,0-0 Love-15 Love-30 15-30 Deuce Adv. A Deuce Adv. A A Wins
2,9,2,6,B,0-0 Love-15 15-15 15-30 15-40 Adv. B Deuce Adv. A Deuce Adv. A Deuce Adv. B B Wins
2,9,2,7,B,0-0 Love-15 Love-30 15-30 15-40 B Wins
2,9,2,8,A,0-0 15-Love 30-Love 40-Love A Wins
2,9,2,9,A,0-0 15-Love 15-15 30-15 Deuce Adv. A Deuce Adv. A A Wins
2,9,2,10,B,0-0 Love-15 Love-30 15-30 Deuce Adv. B B Wins
2,9,2,11,B,0-0 15-Love 15-15 15-30 15-40 Adv. B Deuce Adv. B B Wins
2,9,2,12,B,0-0 Love-15 15-15 15-30 Deuce Adv. B Deuce Adv. A Deuce Adv. B Deuce Adv. B B Wins
2,9,3,1,B,0-0 Love-15 15-15 15-30 15-40 B Wins
2,9,3,2,B,0-0 15-Love 15-15 15-30 Deuce Adv. A Deuce Adv. B B Wins
2,9,3,3,B,0-0 15-Love 15-15 15-30 Deuce Adv. B B Wins
2,9,3,4,A,0-0 15-Love 30-Love 40-Love 40-15 Adv. A Deuce Adv. B Deuce Adv. B Deuce Adv. A A Wins
2,9,3,5,A,0-0 Love-15 15-15 30-15 Deuce Adv. A Deuce Adv. B Deuce Adv. A Deuce Adv. A Deuce Adv. B Deuce Adv. A A Wins
2,9,3,6,A,0-0 15-Love 30-Love 30-15 Deuce Adv. A Deuce Adv. A Deuce Adv. A A Wins
2,9,3,7,B,0-0 Love-15 Love-30 15-30 15-40 Adv. B B Wins
2,9,3,8,A,0-0 Love-15 Love-30 15-30 Deuce Adv. A A Wins
2,9,3,9,A,0-0 Love-15 15-15 30-15 40-15 A Wins
2,9,3,10,A,0-0 15-Love 30-Love 40-Love A Wins
2,10,1,1,B,0-0 Love-15 15-15 15-30 Deuce Adv. B Deuce Adv. B Deuce Adv. B B Wins
2,10,1,2,B,0-0 15-Love 30-Love 30-15 Deuce Adv. B Deuce Adv. B B Wins
2,10,1,3,A,0-0 15-Love 15-15 30-15 40-15 A Wins
2,10,1,4,B,0-0 15-Love 15-15 15-30 15-40 Adv. B Deuce Adv. B B Wins
2,10,1,5,A,0-0 Love-15 Love-30 15-30 Deuce Adv. A A Wins
2,10,1,6,A,0-0 15-Love 15-15 30-15 40-15 A Wins
2,10,1,7,A,0-0 15-Love 15-15 30-15 40-15 Adv. A A Wins
2,10,1,8,A,0-0 15-Love 15-15 15-30 Deuce Adv. A Deuce Adv. B Deuce Adv. A A Wins
2,10,1,9,A,0-0 Love-15 15-15 30-15 40-15 A Wins
2,10,2,1,B,0-0 Love-15 15-15 30-15 Deuce Adv. B Deuce Adv. B B Wins
2,10,2,2,A,0-0 Love-15 15-15 30-15 Deuce Adv. A A Wins
2,10,2,3,A,0-0 15-Love 15-15 30-15 40-15 A Wins
2,10,2,4,B,0-0 Love-15 15-15 30-15 40-15 Adv. A Deuce Adv. B Deuce Adv. B B Wins
2,10,2,5,B,0-0 Love-15 Love-30 Love-40 B Wins
2,10,2,6,A,0-0 15-Love 30-Love 40-Love 40-15 A Wins
2,10,2,7,B,0-0 15-Love 15-15 30-15 Deuce Adv. A Deuce Adv. B B Wins
2,10,2,8,B,0-0 Love-15 Love-30 15-30 Deuce Adv. B Deuce Adv. B Deuce Adv. B Deuce Adv. A Deuce Adv. B B Wins
2,10,2,9,B,0-0 15-Love 30-Love 40-Love 40-15 Adv. A Deuce Adv. B B Wins
2,10,3,1,A,0-0 15-Love 30-Love 30-15 Deuce Adv. B Deuce Adv. A Deuce Adv. A A Wins
2,10,3,2,B,0-0 15-Love 15-15 30-15 Deuce Adv. B B Wins
2,10,3,3,A,0-0 15-Love 15-15 30-15 40-15 A Wins
2,10,3,4,A,0-0 15-Love 30-Love 40-Love 40-15 A Wins
2,10,3,5,B,0-0 Love-15 15-15 15-30 Deuce Adv. A Deuce Adv. B B Wins
2,10,3,6,A,0-0 15-Love 30-Love 40-Love A Wins
2,10,3,7,A,0-0 15-Love 15-15 15-30 Deuce Adv. A Deuce Adv. A Deuce Adv. A A Wins
2,10,3,8,B,0-0 15-Love 30-Love 40-Love 40-15 Adv. A Deuce Adv. B Deuce Adv. B B Wins
2,10,3,9,B,0-0 Love-15 Love-30 15-30 15-40 Adv. B B Wins
2,10,3,10,A,0-0 15-Love 15-15 30-15 40-15 Adv. A A Wins
2,11,1,1,B,0-0 Love-15 15-15 15-30 Deuce Adv. B Deuce Adv. B Deuce Adv. B B Wins
2,11,1,2,A,0-0 15-Love 15-15 30-15 Deuce Adv. A A Wins
2,11,1,3,A,0-0 15-Love 30-Love 40-Love A Wins
2,11,1,4,B,0-0 Love-15 15-15 15-30 Deuce Adv. B Deuce Adv. B Deuce Adv. B B Wins
2,11,1,5,A,0-0 15-Love 30-Love 30-15 40-15 Adv. A A Wins
2,11,1,6,A,0-0 Love-15 Love-30 Love-40 15-40 Adv. B Deuce Adv. A Deuce Adv. A A Wins
2,11,1,7,A,0-0 15-Love 15-15 15-30 Deuce Adv. A A Wins
2,11,1,8,B,0-0 15-Love 15-15 30-15 Deuce Adv. B B Wins
2,11,1,9,B,0-0 15-Love 15-15 15-30 15-40 Adv. B B Wins
2,11,1,10,A,0-0 15-Love 30-Love 40-Love A Wins
2,11,2,1,B,0-0 Love-15 Love-30 Love-40 15-40 B Wins
2,11,2,2,B,0-0 Love-15 Love-30 15-30 15-40 Adv. B B Wins
2,11,2,3,B,0-0 Love-15 15-15 15-30 Deuce Adv. B B Wins
2,11,2,4,B,0-0 15-Love 15-15 15-30 Deuce Adv. A Deuce Adv. B B Wins
2,11,2,5,B,0-0 15-Love 15-15 15-30 Deuce Adv. A Deuce Adv. A Deuce Adv. B Deuce Adv. A Deuce Adv. B Deuce Adv. B B Wins
2,11,2,6,B,0-0 15-Love 15-15 15-30 15-40 B Wins
2,11,3,1,B,0-0 15-Love 30-Love 30-15 Deuce Adv. B Deuce Adv. B Deuce Adv. A Deuce Adv. B B Wins
2,11,3,2,A,0-0 Love-15 15-15 30-15 Deuce Adv. A Deuce Adv. B Deuce Adv. B Deuce Adv. B Deuce Adv. B Deuce Adv. A A Wins
2,11,3,3,A,0-0 15-Love 30-Love 30-15 40-15 A Wins
2,11,3,4,B,0-0 15-Love 15-15 15-30 Deuce Adv. B Deuce Adv. A Deuce Adv. B B Wins
2,11,3,5,A,0-0 15-Love 30-Love 30-15 40-15 A Wins
2,11,3,6,B,0-0 15-Love 30-Love 30-15 Deuce Adv. B B Wins
2,11,3,7,A,0-0 15-Love 30-Love 40-Love A Wins
2,11,3,8,B,0-0 Love-15 15-15 30-15 Deuce Adv. B Deuce Adv. B B Wins
2,11,3,9,B,0-0 Love-15 Love-30 Love-40 15-40 Adv. B B Wins
2,11,3,10,B,0-0 15-Love 30-Love 30-15 Deuce Adv. A Deuce Adv. B B Wins
2,12,1,1,B,0-0 Love-15 Love-30 Love-40 15-40 B Wins
2,12,1,2,A,0-0 Love-15 15-15 30-15 40-15 Adv. A A Wins
2,12,1,3,A,0-0 15-Love 30-Love 40-Love 40-15 A Wins
2,12,1,4,B,0-0 15-Love 15-15 15-30 15-40 Adv. B B Wins
2,12,1,5,A,0-0 15-Love 15-15 30-15 Deuce Adv. A Deuce Adv. A A Wins
2,12,1,6,A,0-0 Love-15 15-15 15-30 Deuce Adv. A Deuce Adv. B Deuce Adv. A A Wins
2,12,1,7,B,0-0 Love-15 Love-30 Love-40 15-40 B Wins
2,12,1,8,B,0-0 Love-15 Love-30 Love-40 15-40 B Wins
2,12,1,9,A,0-0 Love-15 15-15 30-15 Deuce Adv. A A Wins
2,12,1,10,B,0-0 Love-15 Love-30 Love-40 B Wins
2,12,1,11,B,0-0 Love-15 Love-30 15-30 Deuce Adv. B B Wins
2,12,1,12,A,0-0 15-Love 15-15 30-15 40-15 Adv. A Deuce Adv. A A Wins
2,12,1,13,B,0-0 15-Love 15-15 30-15 Deuce Adv. B B Wins
2,12,2,1,B,0-0 15-Love 15-15 15-30 Deuce Adv. A Deuce Adv. B B Wins
2,12,2,2,B,0-0 Love-15 15-15 30-15 Deuce Adv. B Deuce Adv. B B Wins
2,12,2,3,A,0-0 15-Love 15-15 30-15 40-15 Adv. A A Wins
2,12,2,4,B,0-0 Love-15 15-15 15-30 15-40 Adv. B B Wins
2,12,2,5,A,0-0 15-Love 30-Love 40-Love A Wins
2,12,2,6,A,0-0 15-Love 30-Love 30-15 Deuce Adv. B Deuce Adv. A Deuce Adv. A A Wins
2,12,2,7,A,0-0 15-Love 30-Love 30-15 Deuce Adv. A Deuce Adv. A Deuce Adv. A Deuce Adv. A A Wins
2,12,2,8,A,0-0 Love-15 Love-30 Love-40 15-40 Adv. B Deuce Adv. B Deuce Adv. B Deuce Adv. B Deuce Adv. B Deuce Adv. A A Wins
2,12,2,9,A,0-0 15-Love 30-Love 30-15 Deuce Adv. B Deuce Adv. A Deuce Adv. B Deuce Adv. A A Wins
2,12,3,1,A,0-0 15-Love 15-15 15-30 Deuce Adv. A A Wins
2,12,3,2,B,0-0 Love-15 Love-30 15-30 Deuce Adv. A Deuce Adv. B B Wins
2,12,3,3,B,0-0 Love-15 Love-30 Love-40 15-40 Adv. B B Wins
2,12,3,4,B,0-0 15-Love 15-15 15-30 15-40 Adv. B Deuce Adv. A Deuce Adv. B B Wins
2,12,3,5,A,0-0 15-Love 15-15 15-30 Deuce Adv. A Deuce Adv. A A Wins
2,12,3,6,A,0-0 Love-15 15-15 30-15 40-15 A Wins
2,12,3,7,B,0-0 15-Love 30-Love 40-Love 40-15 Adv. A Deuce Adv. B B Wins
2,12,3,8,A,0-0 15-Love 15-15 30-15 Deuce Adv. B Deuce Adv. A A Wins
2,12,3,9,B,0-0 Love-15 Love-30 Love-40 B Wins
2,12,3,10,B,0-0 15-Love 15-15 15-30 15-40 B Wins
2,13,1,1,A,0-0 Love-15 15-15 30-15 40-15 Adv. A A Wins
2,13,1,2,A,0-0 15-Love 30-Love 30-15 40-15 Adv. A Deuce Adv. A Deuce Adv. A Deuce Adv. A A Wins
2,13,1,3,A,0-0 15-Love 15-15 30-15 40-15 A Wins
2,13,1,4,A,0-0 15-Love 30-Love 40-Love A Wins
2,13,1,5,B,0-0 15-Love 30-Love 30-15 40-15 Adv. A Deuce Adv. B Deuce Adv. A Deuce Adv. B B Wins
2,13,1,6,A,0-0 15-Love 15-15 15-30 Deuce Adv. A A Wins
2,13,1,7,B,0-0 Love-15 Love-30 15-30 Deuce Adv. B B Wins
2,13,1,8,B,0-0 Love-15 15-15 15-30 15-40 Adv. B B Wins
2,13,1,9,B,0-0 15-Love 15-15 15-30 15-40 B Wins
2,13,1,10,A,0-0 Love-15 15-15 30-15 40-15 Adv. A A Wins
2,13,2,1,B,0-0 Love-15 Love-30 Love-40 B Wins
2,13,2,2,B,0-0 Love-15 Love-30 Love-40 15-40 B Wins
2,13,2,3,B,0-0 Love-15 15-15 15-30 Deuce Adv. B Deuce Adv. B B Wins
2,13,2,4,B,0-0 15-Love 15-15 15-30 15-40 B Wins
2,13,2,5,B,0-0 Love-15 15-15 15-30 15-40 B Wins
2,13,2,6,B,0-0 Love-15 15-15 15-30 15-40 Adv. B B Wins
2,13,3,1,B,0-0 Love-15 15-15 30-15 Deuce Adv. A Deuce Adv. B B Wins
2,13,3,2,B,0-0 Love-15 15-15 15-30 15-40 B Wins
2,13,3,3,B,0-0 Love-15 15-15 15-30 Deuce Adv. B B Wins
2,13,3,4,B,0-0 Love-15 Love-30 Love-40 B Wins
2,13,3,5,A,0-0 15-Love 30-Love 30-15 Deuce Adv. A A Wins
2,13,3,6,B,0-0 15-Love 30-Love 30-15 Deuce Adv. B B Wins
2,13,3,7,B,0-0 Love-15 Love-30 15-30 15-40 Adv. B Deuce Adv. A Deuce Adv. B Deuce Adv. B Deuce Adv. B B Wins
2,14,1,1,B,0-0 Love-15 15-15 15-30 Deuce Adv. B Deuce Adv. B B Wins
2,14,1,2,B,0-0 15-Love 30-Love 30-15 Deuce Adv. B B Wins
2,14,1,3,B,0-0 Love-15 Love-30 15-30 15-40 Adv. B B Wins
2,14,1,4,B,0-0 15-Love 30-Love 30-15 Deuce Adv. A Deuce Adv. A Deuce Adv. B B Wins
2,14,1,5,B,0-0 15-Love 15-15 30-15 40-15 Adv. A Deuce Adv. B Deuce Adv. B B Wins
2,14,1,6,B,0-0 15-Love 15-15 15-30 15-40 Adv. B B Wins
2,14,2,1,B,0-0 Love-15 15-15 30-15 Deuce Adv. B Deuce Adv. B Deuce Adv. B Deuce Adv. A Deuce Adv. B B Wins
2,14,2,2,A,0-0 Love-15 Love-30 15-30 Deuce Adv. A A Wins
2,14,2,3,A,0-0 Love-15 15-15 30-15 40-15 Adv. A A Wins
2,14,2,4,A,0-0 Love-15 15-15 30-15 40-15 A Wins
2,14,2,5,B,0-0 Love-15 15-15 15-30 15-40 B Wins
2,14,2,6,B,0-0 15-Love 30-Love 30-15 Deuce Adv. A Deuce Adv. B Deuce Adv. B Deuce Adv. B Deuce Adv. A Deuce Adv. B B Wins
2,14,2,7,B,0-0 15-Love 15-15 30-15 Deuce Adv. B B Wins
2,14,2,8,B,0-0 Love-15 15-15 15-30 15-40 Adv. B B Wins
2,14,2,9,B,0-0 Love-15 15-15 30-15 Deuce Adv. B B Wins
2,15,1,1,A,0-0 Love-15 15-15 15-30 Deuce Adv. A Deuce Adv. A A Wins
2,15,1,2,A,0-0 Love-15 15-15 30-15 40-15 Adv. A A Wins
2,15,1,3,A,0-0 15-Love 30-Love 30-15 40-15 Adv. A A Wins
2,15,1,4,B,0-0 15-Love 15-15 15-30 15-40 B Wins
2,15,1,5,A,0-0 Love-15 15-15 15-30 Deuce Adv. A Deuce Adv. B Deuce Adv. A A Wins
2,15,1,6,A,0-0 Love-15 15-15 30-15 40-15 A Wins
2,15,1,7,B,0-0 15-Love 30-Love 40-Love 40-15 Adv. A Deuce Adv. B B Wins
2,15,1,8,A,0-0 Love-15 15-15 30-15 40-15 A Wins
2,15,2,1,A,0-0 Love-15 Love-30 15-30 Deuce Adv. A A Wins
2,15,2,2,A,0-0 15-Love 15-15 15-30 Deuce Adv. A Deuce Adv. A Deuce Adv. A Deuce Adv. A A Wins
2,15,2,3,B,0-0 15-Love 30-Love 30-15 Deuce Adv. A Deuce Adv. B Deuce Adv. B B Wins
2,15,2,4,A,0-0 Love-15 15-15 30-15 Deuce Adv. A A Wins
2,15,2,5,B,0-0 Love-15 Love-30 Love-40 15-40 Adv. B Deuce Adv. A Deuce Adv. A Deuce Adv. A Deuce Adv. B B Wins
2,15,2,6,A,0-0 15-Love 30-Love 30-15 40-15 Adv. A A Wins
2,15,2,7,B,0-0 Love-15 Love-30 15-30 15-40 Adv. B B Wins
2,15,2,8,A,0-0 Love-15 Love-30 15-30 15-40 Adv. B Deuce Adv. A A Wins
2,15,2,9,B,0-0 15-Love 15-15 15-30 15-40 B Wins
2,15,2,10,A,0-0 Love-15 Love-30 15-30 Deuce Adv. A Deuce Adv. B Deuce Adv. B Deuce Adv. A A Wins
2,16,1,1,B,0-0 Love-15 15-15 15-30 Deuce Adv. B B Wins
2,16,1,2,A,0-0 15-Love 15-15 30-15 Deuce Adv. B Deuce Adv. B Deuce Adv. A A Wins
2,16,1,3,B,0-0 Love-15 15-15 15-30 15-40 Adv. B Deuce Adv. A Deuce Adv. B B Wins
2,16,1,4,A,0-0 Love-15 15-15 15-30 Deuce Adv. B Deuce Adv. B Deuce Adv. A A Wins
2,16,1,5,A,0-0 Love-15 15-15 30-15 40-15 A Wins
2,16,1,6,B,0-0 Love-15 Love-30 Love-40 15-40 Adv. B B Wins
2,16,1,7,B,0-0 Love-15 Love-30 15-30 15-40 B Wins
2,16,1,8,A,0-0 15-Love 30-Love 40-Love 40-15 A Wins
2,16,1,9,B,0-0 Love-15 Love-30 15-30 Deuce Adv. B Deuce Adv. B B Wins
2,16,1,10,B,0-0 Love-15 Love-30 Love-40 15-40 Adv. B B Wins
2,16,2,1,B,0-0 15-Love 15-15 30-15 Deuce Adv. A Deuce Adv. A Deuce Adv. B B Wins
2,16,2,2,A,0-0 15-Love 30-Love 30-15 40-15 A Wins
2,16,2,3,A,0-0 15-Love 15-15 15-30 Deuce Adv. A A Wins
2,16,2,4,A,0-0 15-Love 30-Love 40-Love A Wins
2,16,2,5,A,0-0 15-Love 30-Love 40-Love A Wins
2,16,2,6,B,0-0 Love-15 Love-30 Love-40 15-40 B Wins
2,16,2,7,A,0-0 15-Love 30-Love 40-Love A Wins
2,16,2,8,B,0-0 15-Love 15-15 15-30 15-40 B Wins
2,16,2,9,B,0-0 15-Love 15-15 15-30 15-40 B Wins
2,16,2,10,A,0-0 15-Love 30-Love 40-Love 40-15 Adv. A A Wins
2,16,3,1,B,0-0 15-Love 15-15 15-30 15-40 B Wins
2,16,3,2,A,0-0 Love-15 15-15 30-15 40-15 Adv. A A Wins
2,16,3,3,A,0-0 15-Love 15-15 30-15 40-15 A Wins
2,16,3,4,B,0-0 Love-15 Love-30 15-30 15-40 Adv. B B Wins
2,16,3,5,A,0-0 15-Love 30-Love 40-Love 40-15 A Wins
2,16,3,6,A,0-0 Love-15 15-15 30-15 40-15 A Wins
2,16,3,7,A,0-0 15-Love 30-Love 30-15 Deuce Adv. A Deuce Adv. B Deuce Adv. A A Wins
2,16,3,8,B,0-0 15-Love 30-Love 30-15 Deuce Adv. B Deuce Adv. B B Wins
2,16,3,9,A,0-0 Love-15 15-15 15-30 Deuce Adv. A A Wins
2,17,1,1,B,0-0 15-Love 30-Love 30-15 Deuce Adv. B Deuce Adv. A Deuce Adv. B Deuce Adv. B Deuce Adv. A Deuce Adv. B B Wins
2,17,1,2,B,0-0 Love-15 Love-30 15-30 Deuce Adv. B Deuce Adv. A Deuce Adv. B Deuce Adv. B B Wins
2,17,1,3,A,0-0 15-Love 30-Love 40-Love 40-15 Adv. A Deuce Adv. A A Wins
2,17,1,4,A,0-0 Love-15 Love-30 15-30 15-40 Adv. B Deuce Adv. A A Wins
2,17,1,5,B,0-0 Love-15 Love-30 15-30 Deuce Adv. B B Wins
2,17,1,6,B,0-0 Love-15 15-15 15-30 Deuce Adv. A Deuce Adv. B Deuce Adv. B B Wins
2,17,1,7,B,0-0 Love-15 15-15 15-30 15-40 B Wins
2,17,1,8,A,0-0 15-Love 15-15 30-15 40-15 A Wins
2,17,1,9,B,0-0 Love-15 Love-30 Love-40 15-40 B Wins
2,17,2,1,B,0-0 Love-15 Love-30 15-30 15-40 B Wins
2,17,2,2,B,0-0 Love-15 Love-30 Love-40 B Wins
2,17,2,3,A,0-0 Love-15 15-15 30-15 Deuce Adv. A A Wins
2,17,2,4,B,0-0 15-Love 15-15 15-30 Deuce Adv. B Deuce Adv. B B Wins
2,17,2,5,A,0-0 15-Love 30-Love 40-Love 40-15 A Wins
2,17,2,6,B,0-0 Love-15 Love-30 Love-40 B Wins
2,17,2,7,B,0-0 Love-15 Love-30 15-30 Deuce Adv. B Deuce Adv. B Deuce Adv. B B Wins
2,17,2,8,A,0-0 15-Love 15-15 30-15 Deuce Adv. A A Wins
2,17,2,9,A,0-0 15-Love 15-15 15-30 15-40 Adv. B Deuce Adv. A A Wins
2,17,2,10,B,0-0 15-Love 15-15 30-15 Deuce Adv. B B Wins
2,18,1,1,A,0-0 15-Love 30-Love 40-Love A Wins
2,18,1,2,A,0-0 15-Love 30-Love 30-15 40-15 Adv. A Deuce Adv. A A Wins
2,18,1,3,B,0-0 15-Love 15-15 15-30 15-40 B Wins
2,18,1,4,A,0-0 15-Love 30-Love 40-Love A Wins
2,18,1,5,A,0-0 15-Love 30-Love 30-15 40-15 Adv. A Deuce Adv. B Deuce Adv. A A Wins
2,18,1,6,B,0-0 Love-15 Love-30 15-30 Deuce Adv. B B Wins
2,18,1,7,A,0-0 15-Love 30-Love 40-Love 40-15 A Wins
2,18,1,8,B,0-0 15-Love 15-15 30-15 Deuce Adv. A Deuce Adv. B B Wins
2,18,1,9,B,0-0 15-Love 15-15 30-15 40-15 Adv. A Deuce Adv. B B Wins
2,18,1,10,B,0-0 Love-15 Love-30 15-30 15-40 B Wins
2,18,1,11,A,0-0 15-Love 15-15 30-15 40-15 Adv. A A Wins
2,18,1,12,A,0-0 15-Love 30-Love 30-15 Deuce Adv. A A Wins
2,18,2,1,A,0-0 15-Love 30-Love 30-15 40-15 A Wins
2,18,2,2,A,0-0 15-Love 15-15 30-15 40-15 A Wins
2,18,2,3,A,0-0 15-Love 15-15 15-30 Deuce Adv. B Deuce Adv. A A Wins
2,18,2,4,A,0-0 15-Love 15-15 30-15 40-15 A Wins
2,18,2,5,A,0-0 15-Love 30-Love 30-15 Deuce Adv. A Deuce Adv. A A Wins
2,18,2,6,B,0-0 15-Love 30-Love 30-15 Deuce Adv. B B Wins
2,18,2,7,B,0-0 Love-15 Love-30 Love-40 B Wins
2,18,2,8,A,0-0 15-Love 30-Love 30-15 40-15 A Wins
2,19,1,1,B,0-0 Love-15 Love-30 Love-40 15-40 Adv. B Deuce Adv. B B Wins
2,19,1,2,B,0-0 15-Love 15-15 15-30 Deuce Adv. B Deuce Adv. B B Wins
2,19,1,3,A,0-0 15-Love 15-15 30-15 Deuce Adv. A Deuce Adv. A A Wins
2,19,1,4,B,0-0 Love-15 15-15 15-30 15-40 B Wins
2,19,1,5,A,0-0 15-Love 30-Love 40-Love 40-15 A Wins
2,19,1,6,B,0-0 Love-15 Love-30 Love-40 15-40 B Wins
2,19,1,7,A,0-0 15-Love 30-Love 40-Love 40-15 A Wins
2,19,1,8,B,0-0 15-Love 30-Love 30-15 Deuce Adv. B B Wins
2,19,1,9,A,0-0 Love-15 15-15 30-15 40-15 Adv. A Deuce Adv. A A Wins
2,19,1,10,A,0-0 Love-15 15-15 30-15 Deuce Adv. A A Wins
2,19,1,11,B,0-0 15-Love 15-15 30-15 Deuce Adv. B B Wins
2,19,1,12,B,0-0 Love-15 15-15 15-30 Deuce Adv. B B Wins
2,19,2,1,A,0-0 15-Love 15-15 30-15 40-15 A Wins
2,19,2,2,A,0-0 15-Love 15-15 30-15 40-15 A Wins
2,19,2,3,A,0-0 15-Love 30-Love 30-15 Deuce Adv. A A Wins
2,19,2,4,A,0-0 15-Love 30-Love 40-Love 40-15 Adv. A A Wins
2,19,2,5,B,0-0 Love-15 15-15 15-30 15-40 B Wins
2,19,2,6,A,0-0 Love-15 15-15 30-15 40-15 Adv. A A Wins
2,19,2,7,B,0-0 Love-15 Love-30 15-30 Deuce Adv. B B Wins
2,19,2,8,A,0-0 15-Love 15-15 15-30 Deuce Adv. A Deuce Adv. A A Wins
2,19,3,1,B,0-0 Love-15 Love-30 Love-40 15-40 B Wins
2,19,3,2,B,0-0 15-Love 15-15 15-30 15-40 B Wins
2,19,3,3,A,0-0 15-Love 15-15 30-15 40-15 A Wins
2,19,3,4,B,0-0 Love-15 Love-30 15-30 15-40 B Wins
2,19,3,5,B,0-0 Love-15 15-15 15-30 15-40 B Wins
2,19,3,6,B,0-0 Love-15 15-15 30-15 Deuce Adv. B B Wins
2,19,3,7,A,0-0 15-Love 15-15 15-30 15-40 Adv. B Deuce Adv. A A Wins
2,19,3,8,B,0-0 Love-15 15-15 30-15 Deuce Adv. B Deuce Adv. B B Wins
2,20,1,1,B,0-0 Love-15 Love-30 Love-40 B Wins
2,20,1,2,A,0-0 Love-15 Love-30 15-30 Deuce Adv. B Deuce Adv. A Deuce Adv. A A Wins
2,20,1,3,B,0-0 Love-15 15-15 30-15 Deuce Adv. A Deuce Adv. B B Wins
2,20,1,4,A,0-0 15-Love 15-15 30-15 40-15 Adv. A A Wins
2,20,1,5,B,0-0 Love-15 Love-30 15-30 15-40 Adv. B Deuce Adv. B B Wins
2,20,1,6,B,0-0 Love-15 Love-30 Love-40 B Wins
2,20,1,7,B,0-0 Love-15 15-15 15-30 15-40 B Wins
2,20,1,8,A,0-0 Love-15 15-15 30-15 40-15 Adv. A Deuce Adv. A A Wins
2,20,1,9,A,0-0 Love-15 15-15 30-15 40-15 Adv. A A Wins
2,20,1,10,A,0-0 15-Love 30-Love 30-15 40-15 A Wins
2,20,1,11,A,0-0 15-Love 30-Love 40-Love A Wins
2,20,1,12,B,0-0 15-Love 15-15 15-30 15-40 Adv. B B Wins
2,20,1,13,B,0-0 Love-15 15-15 15-30 Deuce Adv. A Deuce Adv. B B Wins
2,20,2,1,A,0-0 15-Love 15-15 15-30 Deuce Adv. A A Wins
2,20,2,2,A,0-0 15-Love 30-Love 40-Love A Wins
2,20,2,3,B,0-0 Love-15 15-15 15-30 15-40 B Wins
2,20,2,4,A,0-0 15-Love 15-15 30-15 40-15 A Wins
2,20,2,5,B,0-0 Love-15 15-15 15-30 15-40 B Wins
2,20,2,6,B,0-0 15-Love 15-15 15-30 15-40 B Wins
2,20,2,7,B,0-0 Love-15 Love-30 15-30 15-40 B Wins
2,20,2,8,B,0-0 Love-15 Love-30 15-30 Deuce Adv. A Deuce Adv. A Deuce Adv. B Deuce Adv. B B Wins
2,20,2,9,B,0-0 Love-15 15-15 15-30 15-40 Adv. B Deuce Adv. A Deuce Adv. A Deuce Adv. B B Wins
2,21,1,1,B,0-0 15-Love 15-15 15-30 Deuce Adv. B B Wins
2,21,1,2,B,0-0 15-Love 30-Love 30-15 40-15 Adv. A Deuce Adv. B B Wins
2,21,1,3,B,0-0 Love-15 Love-30 Love-40 15-40 B Wins
2,21,1,4,B,0-0 15-Love 30-Love 30-15 Deuce Adv. B B Wins
2,21,1,5,A,0-0 Love-15 15-15 15-30 Deuce Adv. B Deuce Adv. A A Wins
2,21,1,6,A,0-0 15-Love 30-Love 30-15 40-15 Adv. A A Wins
2,21,1,7,B,0-0 15-Love 15-15 15-30 Deuce Adv. B Deuce Adv. B B Wins
2,21,1,8,A,0-0 15-Love 30-Love 40-Love A Wins
2,21,1,9,A,0-0 15-Love 30-Love 40-Love A Wins
2,21,1,10,B,0-0 Love-15 Love-30 Love-40 15-40 B Wins
2,21,2,1,A,0-0 Love-15 Love-30 15-30 Deuce Adv. B Deuce Adv. B Deuce Adv. B Deuce Adv. A A Wins
2,21,2,2,A,0-0 15-Love 30-Love 40-Love 40-15 A Wins
2,21,2,3,B,0-0 Love-15 Love-30 15-30 15-40 Adv. B B Wins
2,21,2,4,A,0-0 Love-15 15-15 30-15 Deuce Adv. A A Wins
2,21,2,5,A,0-0 15-Love 15-15 15-30 Deuce Adv. A A Wins
2,21,2,6,B,0-0 Love-15 15-15 30-15 Deuce Adv. B Deuce Adv. B B Wins
2,21,2,7,B,0-0 15-Love 15-15 15-30 15-40 Adv. B B Wins
2,21,2,8,B,0-0 15-Love 15-15 15-30 Deuce Adv. B B Wins
2,21,2,9,B,0-0 Love-15 Love-30 Love-40 B Wins
2,21,2,10,A,0-0 15-Love 15-15 30-15 40-15 A Wins
2,21,2,11,B,0-0 Love-15 15-15 15-30 15-40 Adv. B Deuce Adv. B B Wins
2,21,2,12,B,0-0 15-Love 30-Love 30-15 Deuce Adv. B B Wins
2,22,1,1,B,0-0 Love-15 Love-30 Love-40 15-40 Adv. B Deuce Adv. B B Wins
2,22,1,2,B,0-0 Love-15 15-15 15-30 15-40 B Wins
2,22,1,3,B,0-0 15-Love 15-15 30-15 Deuce Adv. B B Wins
2,22,1,4,B,0-0 15-Love 15-15 15-30 Deuce Adv. B B Wins
2,22,1,5,A,0-0 Love-15 15-15 30-15 40-15 A Wins
2,22,1,6,B,0-0 Love-15 15-15 30-15 40-15 Adv. A Deuce Adv. A Deuce Adv. B B Wins
2,22,1,7,B,0-0 15-Love 15-15 15-30 15-40 B Wins
2,22,2,1,B,0-0 Love-15 15-15 15-30 15-40 Adv. B B Wins
2,22,2,2,B,0-0 Love-15 Love-30 Love-40 15-40 B Wins
2,22,2,3,A,0-0 15-Love 15-15 15-30 15-40 Adv. B Deuce Adv. B Deuce Adv. A A Wins
2,22,2,4,B,0-0 Love-15 Love-30 15-30 15-40 Adv. B B Wins
2,22,2,5,A,0-0 Love-15 15-15 30-15 40-15 A Wins
2,22,2,6,A,0-0 15-Love 30-Love 30-15 40-15 Adv. A Deuce Adv. B Deuce Adv. A Deuce Adv. A A Wins
2,22,2,7,B,0-0 Love-15 Love-30 Love-40 B Wins
2,22,2,8,B,0-0 Love-15 15-15 15-30 Deuce Adv. A Deuce Adv. B B Wins
2,22,2,9,A,0-0 Love-15 Love-30 Love-40 15-40 Adv. B Deuce Adv. B Deuce Adv. A A Wins
2,22,2,10,A,0-0 Love-15 15-15 30-15 Deuce Adv. B Deuce Adv. A Deuce Adv. A A Wins
2,22,2,11,A,0-0 15-Love 15-15 30-15 40-15 A Wins
2,22,2,12,B,0-0 Love-15 15-15 30-15 40-15 Adv. A Deuce Adv. B B Wins
2,22,2,13,A,0-0 15-Love 30-Love 40-Love 40-15 A Wins
2,22,3,1,A,0-0 Love-15 Love-30 15-30 Deuce Adv. B Deuce Adv. B Deuce Adv. A A Wins
2,22,3,2,B,0-0 Love-15 Love-30 15-30 Deuce Adv. A Deuce Adv. B B Wins
2,22,3,3,B,0-0 Love-15 15-15 15-30 Deuce Adv. B Deuce Adv. B Deuce Adv. B B Wins
2,22,3,4,A,0-0 15-Love 15-15 15-30 Deuce Adv. A A Wins
2,22,3,5,B,0-0 Love-15 Love-30 15-30 15-40 Adv. B B Wins
2,22,3,6,A,0-0 Love-15 15-15 30-15 40-15 A Wins
2,22,3,7,B,0-0 Love-15 Love-30 15-30 15-40 B Wins
2,22,3,8,A,0-0 Love-15 15-15 15-30 Deuce Adv. A A Wins
2,22,3,9,B,0-0 Love-15 Love-30 15-30 Deuce Adv. B Deuce Adv. B Deuce Adv. A Deuce Adv. B Deuce Adv. B Deuce Adv. B B Wins
2,22,3,10,B,0-0 15-Love 15-15 15-30 15-40 Adv. B Deuce Adv. A Deuce Adv. B B Wins
2,23,1,1,A,0-0 Love-15 15-15 30-15 Deuce Adv. A A Wins
2,23,1,2,A,0-0 15-Love 30-Love 40-Love A Wins
2,23,1,3,B,0-0 Love-15 Love-30 15-30 15-40 B Wins
2,23,1,4,A,0-0 Love-15 15-15 30-15 40-15 Adv. A A Wins
2,23,1,5,A,0-0 15-Love 30-Love 40-Love 40-15 A Wins
2,23,1,6,B,0-0 15-Love 15-15 30-15 Deuce Adv. B B Wins
2,23,1,7,A,0-0 15-Love 30-Love 30-15 40-15 A Wins
2,23,1,8,B,0-0 Love-15 15-15 15-30 Deuce Adv. A Deuce Adv. B Deuce Adv. A Deuce Adv. B B Wins
2,23,1,9,B,0-0 Love-15 Love-30 Love-40 15-40 Adv. B B Wins
2,23,1,10,B,0-0 Love-15 15-15 30-15 Deuce Adv. A Deuce Adv. B B Wins
2,23,1,11,A,0-0 15-Love 15-15 30-15 40-15 Adv. A A Wins
2,23,1,12,A,0-0 15-Love 15-15 15-30 Deuce Adv. A A Wins
2,23,2,1,A,0-0 15-Love 30-Love 30-15 Deuce Adv. A A Wins
2,23,2,2,B,0-0 15-Love 15-15 15-30 Deuce Adv. A Deuce Adv. B B Wins
2,23,2,3,A,0-0 Love-15 15-15 15-30 15-40 Adv. B Deuce Adv. A Deuce Adv. A A Wins
2,23,2,4,A,0-0 15-Love 30-Love 30-15 40-15 Adv. A Deuce Adv. A Deuce Adv. A A Wins
2,23,2,5,A,0-0 Love-15 Love-30 15-30 Deuce Adv. B Deuce Adv. A A Wins
2,23,2,6,A,0-0 15-Love 30-Love 30-15 40-15 Adv. A Deuce Adv. A Deuce Adv. B Deuce Adv. A A Wins
2,23,2,7,B,0-0 Love-15 15-15 15-30 Deuce Adv. B B Wins
2,23,2,8,A,0-0 Love-15 Love-30 15-30 Deuce Adv. A A Wins
2,24,1,1,B,0-0 Love-15 Love-30 Love-40 15-40 B Wins
2,24,1,2,B,0-0 15-Love 30-Love 30-15 Deuce Adv. A Deuce Adv. B Deuce Adv. B B Wins
2,24,1,3,A,0-0 15-Love 30-Love 40-Love 40-15 A Wins
2,24,1,4,A,0-0 15-Love 30-Love 30-15 40-15 A Wins
2,24,1,5,B,0-0 15-Love 15-15 30-15 Deuce Adv. B Deuce Adv. B B Wins
2,24,1,6,B,0-0 15-Love 15-15 15-30 Deuce Adv. B Deuce Adv. B Deuce Adv. B Deuce Adv. B B Wins
2,24,1,7,B,0-0 15-Love 15-15 15-30 15-40 Adv. B B Wins
2,24,1,8,B,0-0 15-Love 30-Love 30-15 Deuce Adv. A Deuce Adv. A Deuce Adv. B Deuce Adv. B B Wins
2,24,2,1,B,0-0 Love-15 Love-30 15-30 15-40 B Wins
2,24,2,2,A,0-0 15-Love 15-15 30-15 Deuce Adv. A Deuce Adv. A A Wins
2,24,2,3,B,0-0 Love-15 Love-30 Love-40 B Wins
2,24,2,4,A,0-0 15-Love 30-Love 40-Love 40-15 Adv. A A Wins
2,24,2,5,A,0-0 15-Love 30-Love 40-Love A Wins
2,24,2,6,A,0-0 15-Love 30-Love 40-Love A Wins
2,24,2,7,B,0-0 Love-15 15-15 30-15 Deuce Adv. B Deuce Adv. B Deuce Adv. B Deuce Adv. B B Wins
2,24,2,8,B,0-0 15-Love 15-15 15-30 15-40 Adv. B Deuce Adv. B B Wins
2,24,2,9,B,0-0 15-Love 30-Love 30-15 Deuce Adv. A Deuce Adv. B Deuce Adv. B Deuce Adv. A Deuce Adv. B B Wins
2,24,2,10,A,0-0 15-Love 30-Love 30-15 40-15 Adv. A A Wins
2,24,2,11,A,0-0 15-Love 30-Love 40-Love A Wins
2,24,2,12,A,0-0 Love-15 15-15 30-15 40-15 Adv. A A Wins
2,24,3,1,A,0-0 Love-15 15-15 30-15 40-15 A Wins
2,24,3,2,A,0-0 15-Love 30-Love 40-Love 40-15 A Wins
2,24,3,3,B,0-0 Love-15 Love-30 Love-40 15-40 B Wins
2,24,3,4,B,0-0 Love-15 Love-30 15-30 15-40 Adv. B B Wins
2,24,3,5,B,0-0 15-Love 15-15 15-30 15-40 B Wins
2,24,3,6,A,0-0 Love-15 15-15 15-30 15-40 Adv. B Deuce Adv. A A Wins
2,24,3,7,A,0-0 15-Love 30-Love 40-Love 40-15 Adv. A Deuce Adv. B Deuce Adv. B Deuce Adv. A A Wins
2,24,3,8,B,0-0 Love-15 Love-30 Love-40 15-40 B Wins
2,24,3,9,B,0-0 15-Love 30-Love 30-15 Deuce Adv. B B Wins
2,24,3,10,B,0-0 15-Love 15-15 15-30 Deuce Adv. A Deuce Adv. B Deuce Adv. A Deuce Adv. B B Wins
2,25,1,1,B,0-0 15-Love 30-Love 40-Love 40-15 Adv. A Deuce Adv. B B Wins
2,25,1,2,A,0-0 15-Love 15-15 15-30 Deuce Adv. A A Wins
2,25,1,3,B,0-0 Love-15 Love-30 15-30 15-40 Adv. B Deuce Adv. B Deuce Adv. A Deuce Adv. B B Wins
2,25,1,4,B,0-0 Love-15 Love-30 15-30 Deuce Adv. B Deuce Adv. B Deuce Adv. B B Wins
2,25,1,5,A,0-0 Love-15 15-15 30-15 Deuce Adv. A A Wins
2,25,1,6,A,0-0 15-Love 30-Love 40-Love 40-15 Adv. A Deuce Adv. B Deuce Adv. B Deuce Adv. B Deuce Adv. A Deuce Adv. A Deuce Adv. A A Wins
2,25,1,7,B,0-0 Love-15 15-15 15-30 15-40 B Wins
2,25,1,8,B,0-0 Love-15 Love-30 Love-40 15-40 Adv. B B Wins
2,25,1,9,A,0-0 Love-15 15-15 30-15 40-15 Adv. A A Wins
2,25,1,10,B,0-0 15-Love 15-15 15-30 Deuce Adv. A Deuce Adv. B Deuce Adv. A Deuce Adv. B B Wins
2,25,2,1,A,0-0 15-Love 15-15 30-15 40-15 A Wins
2,25,2,2,B,0-0 Love-15 15-15 15-30 Deuce Adv. B Deuce Adv. B B Wins
2,25,2,3,B,0-0 Love-15 15-15 15-30 15-40 B Wins
2,25,2,4,A,0-0 Love-15 15-15 30-15 40-15 A Wins
2,25,2,5,B,0-0 Love-15 Love-30 Love-40 15-40 B Wins
2,25,2,6,B,0-0 15-Love 30-Love 40-Love 40-15 Adv. A Deuce Adv. B Deuce Adv. B Deuce Adv. B B Wins
2,25,2,7,B,0-0 15-Love 15-15 15-30 15-40 B Wins
2,25,2,8,B,0-0 Love-15 15-15 15-30 15-40 Adv. B B Wins
2,26,1,1,B,0-0 Love-15 Love-30 Love-40 15-40 B Wins
2,26,1,2,A,0-0 15-Love 15-15 15-30 Deuce Adv. A A Wins
2,26,1,3,A,0-0 15-Love 15-15 30-15 40-15 A Wins
2,26,1,4,A,0-0 15-Love 15-15 15-30 Deuce Adv. A A Wins
2,26,1,5,A,0-0 Love-15 15-15 30-15 40-15 Adv. A Deuce Adv. A A Wins
2,26,1,6,A,0-0 Love-15 15-15 30-15 Deuce Adv. A A Wins
2,26,1,7,A,0-0 Love-15 Love-30 15-30 Deuce Adv. A A Wins
2,26,2,1,A,0-0 15-Love 30-Love 30-15 Deuce Adv. A Deuce Adv. A Deuce Adv. A A Wins
2,26,2,2,B,0-0 15-Love 15-15 30-15 Deuce Adv. B Deuce Adv. B Deuce Adv. B Deuce Adv. A Deuce Adv. B Deuce Adv. B Deuce Adv. B B Wins
2,26,2,3,A,0-0 Love-15 15-15 30-15 40-15 A Wins
2,26,2,4,A,0-0 15-Love 30-Love 40-Love A Wins
2,26,2,5,B,0-0 Love-15 Love-30 Love-40 B Wins
2,26,2,6,A,0-0 15-Love 30-Love 40-Love A Wins
2,26,2,7,B,0-0 Love-15 Love-30 15-30 Deuce Adv. B B Wins
2,26,2,8,B,0-0 15-Love 15-15 15-30 Deuce Adv. A Deuce Adv. B B Wins
2,26,2,9,B,0-0 Love-15 Love-30 15-30 15-40 Adv. B B Wins
2,26,2,10,B,0-0 15-Love 15-15 15-30 Deuce Adv. B Deuce Adv. B B Wins
2,26,3,1,B,0-0 Love-15 Love-30 Love-40 B Wins
2,26,3,2,A,0-0 Love-15 15-15 30-15 40-15 A Wins
2,26,3,3,B,0-0 Love-15 15-15 15-30 Deuce Adv. B B Wins
2,26,3,4,A,0-0 15-Love 30-Love 40-Love 40-15 Adv. A A Wins
2,26,3,5,B,0-0 15-Love 15-15 15-30 15-40 Adv. B Deuce Adv. A Deuce Adv. B B Wins
2,26,3,6,A,0-0 Love-15 15-15 30-15 Deuce Adv. B Deuce Adv. A A Wins
2,26,3,7,A,0-0 Love-15 15-15 30-15 40-15 A Wins
2,26,3,8,B,0-0 Love-15 Love-30 15-30 Deuce Adv. B B Wins
2,26,3,9,B,0-0 15-Love 15-15 15-30 15-40 B Wins
2,26,3,10,A,0-0 15-Love 30-Love 30-15 Deuce Adv. A A Wins
2,26,3,11,A,0-0 Love-15 15-15 15-30 Deuce Adv. A Deuce Adv. A A Wins
2,26,3,12,A,0-0 Love-15 15-15 15-30 Deuce Adv. B Deuce Adv. A Deuce Adv. A A Wins
2,27,1,1,B,0-0 Love-15 15-15 30-15 Deuce Adv. A Deuce Adv. B B Wins
2,27,1,2,A,0-0 Love-15 Love-30 15-30 Deuce Adv. B Deuce Adv. A A Wins
2,27,1,3,A,0-0 Love-15 15-15 15-30 Deuce Adv. A A Wins
2,27,1,4,A,0-0 15-Love 30-Love 30-15 40-15 Adv. A A Wins
2,27,1,5,B,0-0 Love-15 15-15 15-30 15-40 Adv. B B Wins
2,27,1,6,A,0-0 15-Love 15-15 15-30 Deuce Adv. B Deuce Adv. A Deuce Adv. A A Wins
2,27,1,7,B,0-0 15-Love 15-15 30-15 40-15 Adv. A Deuce Adv. B B Wins
2,27,1,8,A,0-0 15-Love 15-15 30-15 40-15 A Wins
2,27,1,9,A,0-0 15-Love 30-Love 30-15 40-15 Adv. A A Wins
2,27,2,1,A,0-0 15-Love 30-Love 30-15 Deuce Adv. B Deuce Adv. A A Wins
2,27,2,2,A,0-0 15-Love 15-15 30-15 Deuce Adv. A Deuce Adv. A A Wins
2,27,2,3,B,0-0 15-Love 15-15 15-30 Deuce Adv. B Deuce Adv. B B Wins
2,27,2,4,B,0-0 Love-15 Love-30 Love-40 15-40 Adv. B Deuce Adv. B B Wins
2,27,2,5,B,0-0 Love-15 15-15 15-30 15-40 B Wins
2,27,2,6,A,0-0 Love-15 15-15 30-15 Deuce Adv. B Deuce Adv. A A Wins
2,27,2,7,A,0-0 15-Love 30-Love 40-Love 40-15 Adv. A Deuce Adv. A A Wins
2,27,2,8,B,0-0 Love-15 Love-30 Love-40 B Wins
2,27,2,9,B,0-0 Love-15 15-15 30-15 Deuce Adv. A Deuce Adv. B Deuce Adv. B B Wins
2,27,2,10,B,0-0 Love-15 Love-30 15-30 15-40 Adv. B Deuce Adv. A Deuce Adv. B B Wins
2,27,3,1,A,0-0 Love-15 15-15 15-30 Deuce Adv. A A Wins
2,27,3,2,B,0-0 Love-15 15-15 15-30 15-40 B Wins
2,27,3,3,A,0-0 Love-15 Love-30 15-30 Deuce Adv. A A Wins
2,27,3,4,A,0-0 Love-15 15-15 15-30 Deuce Adv. B Deuce Adv. A A Wins
2,27,3,5,B,0-0 15-Love 30-Love 30-15 Deuce Adv. B Deuce Adv. B Deuce Adv. B Deuce Adv. B Deuce Adv. A Deuce Adv. B Deuce Adv. B Deuce Adv. B B Wins
2,27,3,6,A,0-0 Love-15 15-15 30-15 Deuce Adv. B Deuce Adv. A A Wins
2,27,3,7,B,0-0 15-Love 30-Love 30-15 Deuce Adv. A Deuce Adv. B Deuce Adv. B B Wins
2,27,3,8,B,0-0 Love-15 Love-30 Love-40 15-40 B Wins
2,27,3,9,A,0-0 Love-15 15-15 30-15 40-15 Adv. A Deuce Adv. B Deuce Adv. A A Wins
2,27,3,10,B,0-0 15-Love 30-Love 40-Love 40-15 Adv. A Deuce Adv. A Deuce Adv. B Deuce Adv. B Deuce Adv. B B Wins
2,27,3,11,A,0-0 Love-15 15-15 15-30 Deuce Adv. A Deuce Adv. B Deuce Adv. A A Wins
2,27,3,12,B,0-0 15-Love 15-15 30-15 Deuce Adv. B Deuce Adv. B B Wins
2,27,3,13,B,0-0 Love-15 15-15 30-15 Deuce Adv. A Deuce Adv. B Deuce Adv. B Deuce Adv. B Deuce Adv. A Deuce Adv. B B Wins
2,28,1,1,A,0-0 15-Love 15-15 30-15 Deuce Adv. A A Wins
2,28,1,2,A,0-0 15-Love 15-15 15-30 Deuce Adv. A A Wins
2,28,1,3,B,0-0 15-Love 30-Love 30-15 40-15 Adv. A Deuce Adv. B Deuce Adv. B B Wins
2,28,1,4,A,0-0 15-Love 15-15 30-15 40-15 A Wins
2,28,1,5,B,0-0 Love-15 15-15 15-30 15-40 Adv. B Deuce Adv. B B Wins
2,28,1,6,A,0-0 15-Love 30-Love 40-Love 40-15 A Wins
2,28,1,7,A,0-0 Love-15 15-15 15-30 Deuce Adv. B Deuce Adv. A A Wins
2,28,1,8,B,0-0 Love-15 Love-30 15-30 Deuce Adv. B B Wins
2,28,1,9,A,0-0 15-Love 30-Love 40-Love A Wins
2,28,2,1,B,0-0 15-Love 15-15 15-30 15-40 Adv. B Deuce Adv. B Deuce Adv. B Deuce Adv. B B Wins
2,28,2,2,A,0-0 Love-15 15-15 15-30 Deuce Adv. A A Wins
2,28,2,3,A,0-0 15-Love 15-15 15-30 Deuce Adv. B Deuce Adv. B Deuce Adv. A Deuce Adv. B Deuce Adv. A A Wins
2,28,2,4,A,0-0 15-Love 30-Love 40-Love A Wins
2,28,2,5,A,0-0 Love-15 15-15 30-15 Deuce Adv. B Deuce Adv. A A Wins
2,28,2,6,A,0-0 15-Love 30-Love 40-Love A Wins
2,28,2,7,A,0-0 15-Love 15-15 30-15 40-15 A Wins
2,29,1,1,B,0-0 Love-15 Love-30 Love-40 15-40 Adv. B Deuce Adv. B B Wins
2,29,1,2,B,0-0 15-Love 30-Love 30-15 Deuce Adv. B B Wins
2,29,1,3,B,0-0 15-Love 15-15 15-30 15-40 Adv. B B Wins
2,29,1,4,B,0-0 Love-15 Love-30 Love-40 B Wins
2,29,1,5,A,0-0 Love-15 15-15 30-15 40-15 Adv. A Deuce Adv. B Deuce Adv. B Deuce Adv. A A Wins
2,29,1,6,A,0-0 Love-15 Love-30 15-30 Deuce Adv. A A Wins
2,29,1,7,A,0-0 Love-15 15-15 15-30 Deuce Adv. A Deuce Adv. A A Wins
2,29,1,8,A,0-0 Love-15 15-15 30-15 Deuce Adv. A A Wins
2,29,1,9,B,0-0 Love-15 15-15 15-30 Deuce Adv. A Deuce Adv. B B Wins
2,29,1,10,A,0-0 15-Love 15-15 30-15 40-15 Adv. A A Wins
2,29,1,11,A,0-0 15-Love 30-Love 40-Love 40-15 Adv. A A Wins
2,29,1,12,A,0-0 Love-15 15-15 15-30 Deuce Adv. A Deuce Adv. B Deuce Adv. B Deuce Adv. A Deuce Adv. B Deuce Adv. B Deuce Adv. A A Wins
2,29,2,1,B,0-0 15-Love 15-15 15-30 15-40 Adv. B Deuce Adv. B B Wins
2,29,2,2,A,0-0 Love-15 15-15 15-30 Deuce Adv. A A Wins
2,29,2,3,B,0-0 Love-15 15-15 15-30 Deuce Adv. B B Wins
2,29,2,4,B,0-0 15-Love 30-Love 30-15 Deuce Adv. A Deuce Adv. B Deuce Adv. B B Wins
2,29,2,5,B,0-0 Love-15 Love-30 Love-40 15-40 B Wins
2,29,2,6,B,0-0 Love-15 15-15 30-15 Deuce Adv. B B Wins
2,29,2,7,B,0-0 15-Love 15-15 15-30 Deuce Adv. B Deuce Adv. A Deuce Adv. A Deuce Adv. B B Wins
2,29,3,1,B,0-0 15-Love 15-15 15-30 Deuce Adv. B B Wins
2,29,3,2,B,0-0 Love-15 15-15 30-15 40-15 Adv. A Deuce Adv. B Deuce Adv. B B Wins
2,29,3,3,B,0-0 15-Love 15-15 15-30 15-40 B Wins
2,29,3,4,B,0-0 Love-15 Love-30 Love-40 B Wins
2,29,3,5,B,0-0 Love-15 15-15 15-30 15-40 B Wins
2,29,3,6,B,0-0 Love-15 Love-30 Love-40 15-40 B Wins
2,30,1,1,A,0-0 15-Love 15-15 30-15 40-15 A Wins
2,30,1,2,A,0-0 15-Love 30-Love 30-15 40-15 A Wins
2,30,1,3,A,0-0 Love-15 Love-30 15-30 Deuce Adv. A A Wins
2,30,1,4,B,0-0 Love-15 Love-30 Love-40 15-40 Adv. B B Wins
2,30,1,5,A,0-0 15-Love 30-Love 30-15 Deuce Adv. A A Wins
2,30,1,6,A,0-0 15-Love 30-Love 30-15 40-15 Adv. A Deuce Adv. A Deuce Adv. B Deuce Adv. A Deuce Adv. A Deuce Adv. A Deuce Adv. A A Wins
2,30,1,7,A,0-0 15-Love 15-15 15-30 Deuce Adv. B Deuce Adv. A A Wins
2,30,2,1,A,0-0 Love-15 Love-30 15-30 Deuce Adv. B Deuce Adv. A Deuce Adv. A A Wins
2,30,2,2,A,0-0 15-Love 15-15 30-15 40-15 Adv. A Deuce Adv. B Deuce Adv. A A Wins
2,30,2,3,A,0-0 Love-15 15-15 15-30 15-40 Adv. B Deuce Adv. A A Wins
2,30,2,4,B,0-0 Love-15 15-15 30-15 40-15 Adv. A Deuce Adv. B B Wins
2,30,2,5,A,0-0 Love-15 15-15 30-15 40-15 A Wins
2,30,2,6,A,0-0 15-Love 15-15 15-30 Deuce Adv. B Deuce Adv. A Deuce Adv. A Deuce Adv. B Deuce Adv. A A Wins
2,30,2,7,B,0-0 Love-15 15-15 30-15 Deuce Adv. B B Wins
2,30,2,8,B,0-0 Love-15 Love-30 15-30 Deuce Adv. B B Wins
2,30,2,9,B,0-0 Love-15 Love-30 Love-40 15-40 Adv. B Deuce Adv. B B Wins
2,30,2,10,B,0-0 Love-15 15-15 30-15 Deuce Adv. B B Wins
2,30,2,11,A,0-0 15-Love 30-Love 40-Love A Wins
2,30,2,12,A,0-0 15-Love 15-15 30-15 40-15 A Wins
